id,subject,dashboard_type,concept,category,count,core_concept,features,scope,rep_question,rep_year,rep_num,global_idx,years,questions
1,DB,frequent,SQL 쿼리 구문 (DDL/DML/DCL),DB언어,92,"표준 SQL 선언문 활용 및 하위 질의, 집계, 뷰, 권한 제어 연산","Having 조건절 및 Group By 그룹 연산의 우선순위, EXISTS와 IN 연산자의 동작 효율, 그리고 Outer Join 수행 시 널(NULL) 값 분포 문제를 해석하는 쿼리 분석이 출제됩니다.",DB언어 -> 표준 SQL,"70. 다음은 데이터베이스 보안을 위한 접근제어
(access control) 모델 및 정책에 대한 설명이다. 
<보기> 중 옳은 것을 모두 고른 것은?
<보기>
가. 강제적 접근제어(MAC) 기반의 레이블 보안
(label-based security)은 객체의 보안 등급과 
사용자의 허가 등급을 비교하여 통제하며, 관
리자나 소유자가 임의로 접근 권한을 변경할 
수 없는 중앙 집중적 정책을 따른다.
나. 역할기반 접근제어(RBAC)는 권한을 개별 사용
자에게 직접 할당하지 않고 객체 소유자가 자
신의 판단에 따라 다른 사용자에게 자유롭게 
권한을 위임(grant)하는 것을 원칙으로 한다.
다. 행 수준 보안(row level security, RLS)은 
WHERE 절 등 특정 조건에 따라 사용자별로 
조회 가능한 레코드를 제한하는 미세 단위 접
근제어(FGAC) 기법으로, 더 미세한 크기의 데
이터 보안을 제공한다.
라. 임의적 접근제어(DAC)는 데이터 객체의 소유자가 
접근 통제권한을 가지며, SQL의 GRANT와 
REVOKE 문을 통해 구현된다. 이는 사용자 신
분(identity)에 기반하여 유연한 권한 관리가 가
능하다는 장점이 있다.
  ① (가), (나)
② (다), (라)
  ③ (가), (다), (라)
④ (나), (다), (라)",2026,70,,"[2015, 2016, 2017, 2018, 2019, 2020, 2021, 2022, 2023, 2024, 2025, 2026]","[{""year"": 2026, ""num"": 70}, {""year"": 2026, ""num"": 67}, {""year"": 2026, ""num"": 61}, {""year"": 2026, ""num"": 60}, {""year"": 2026, ""num"": 59}, {""year"": 2026, ""num"": 58}, {""year"": 2026, ""num"": 57}, {""year"": 2026, ""num"": 55}, {""year"": 2026, ""num"": 52}, {""year"": 2026, ""num"": 51}, {""year"": 2025, ""num"": 72}, {""year"": 2025, ""num"": 70}, {""year"": 2025, ""num"": 65}, {""year"": 2025, ""num"": 62}, {""year"": 2025, ""num"": 59}, {""year"": 2025, ""num"": 58}, {""year"": 2025, ""num"": 57}, {""year"": 2024, ""num"": 70}, {""year"": 2024, ""num"": 68}, {""year"": 2024, ""num"": 65}, {""year"": 2024, ""num"": 63}, {""year"": 2024, ""num"": 61}, {""year"": 2024, ""num"": 60}, {""year"": 2024, ""num"": 55}, {""year"": 2023, ""num"": 70}, {""year"": 2023, ""num"": 66}, {""year"": 2023, ""num"": 65}, {""year"": 2023, ""num"": 63}, {""year"": 2023, ""num"": 62}, {""year"": 2023, ""num"": 60}, {""year"": 2023, ""num"": 57}, {""year"": 2022, ""num"": 66}, {""year"": 2022, ""num"": 64}, {""year"": 2022, ""num"": 61}, {""year"": 2022, ""num"": 60}, {""year"": 2022, ""num"": 58}, {""year"": 2022, ""num"": 57}, {""year"": 2021, ""num"": 67}, {""year"": 2021, ""num"": 65}, {""year"": 2021, ""num"": 64}, {""year"": 2021, ""num"": 63}, {""year"": 2021, ""num"": 60}, {""year"": 2021, ""num"": 55}, {""year"": 2021, ""num"": 54}, {""year"": 2020, ""num"": 71}, {""year"": 2020, ""num"": 63}, {""year"": 2020, ""num"": 62}, {""year"": 2020, ""num"": 59}, {""year"": 2020, ""num"": 57}, {""year"": 2020, ""num"": 55}, {""year"": 2019, ""num"": 75}, {""year"": 2019, ""num"": 74}, {""year"": 2019, ""num"": 68}, {""year"": 2019, ""num"": 57}, {""year"": 2019, ""num"": 55}, {""year"": 2019, ""num"": 51}, {""year"": 2018, ""num"": 73}, {""year"": 2018, ""num"": 69}, {""year"": 2018, ""num"": 68}, {""year"": 2018, ""num"": 67}, {""year"": 2018, ""num"": 66}, {""year"": 2018, ""num"": 65}, {""year"": 2018, ""num"": 64}, {""year"": 2018, ""num"": 63}, {""year"": 2018, ""num"": 62}, {""year"": 2017, ""num"": 69}, {""year"": 2017, ""num"": 68}, {""year"": 2017, ""num"": 64}, {""year"": 2017, ""num"": 63}, {""year"": 2017, ""num"": 62}, {""year"": 2017, ""num"": 60}, {""year"": 2017, ""num"": 59}, {""year"": 2017, ""num"": 58}, {""year"": 2017, ""num"": 57}, {""year"": 2017, ""num"": 56}, {""year"": 2017, ""num"": 55}, {""year"": 2017, ""num"": 54}, {""year"": 2016, ""num"": 71}, {""year"": 2016, ""num"": 69}, {""year"": 2016, ""num"": 63}, {""year"": 2016, ""num"": 62}, {""year"": 2016, ""num"": 61}, {""year"": 2016, ""num"": 60}, {""year"": 2016, ""num"": 59}, {""year"": 2016, ""num"": 58}, {""year"": 2015, ""num"": 73}, {""year"": 2015, ""num"": 69}, {""year"": 2015, ""num"": 68}, {""year"": 2015, ""num"": 66}, {""year"": 2015, ""num"": 65}, {""year"": 2015, ""num"": 59}, {""year"": 2015, ""num"": 58}]"
2,DB,frequent,관계대수 및 순수 관계 연산자,DB언어,44,릴레이션을 처리하는 절차적 정형 대수 언어 및 집합 연산,"순수 관계 연산자(Select: 시그마, Project: 파이, Join: 리본, Division: 나누기)의 수학적 기호 표현 및 SQL 질의문과의 상호 변환 동작을 깊이 있게 다룹니다.",DB언어 -> 관계 대수 및 관계 해석,"66. 다음은 관계 데이터베이스의 조인 수행 원리에 대한 
설명이다. <보기> 중 옳은 것을 모두 고른 것은?
<보기>
가. Sort-Merge Join은 선행 테이블(driving table)의 
조건을 만족하는 행별로 후행 테이블을 반복 탐색
하며, 후행 테이블의 조인 컬럼에 인덱스가 구성
되어 있지 않을 경우 Table Full Scan이 반복 발생
하여 성능이 저하된다.
나. Nested Loop Join은 조인 컬럼에 적절한 인덱스가 
없거나 조인 조건이 부등호(>, <)인 경우에도 사용
할 수 있으며, 양쪽 테이블이 조인 컬럼 순으로 
이미 정렬되어 있다면 정렬 단계를 생략할 수 
있다.
다. Hash Join은 동등 조인(equi-join)에만 사용 가능
하며, 대량의 데이터를 처리할 때 일반적으로 
Nested Loop Join이나 Sort-Merge Join보다 효율
적이다.
라. Hash Join은 조인을 위해 해쉬테이블을 메모리에 
생성하여야 하며, 생성된 해쉬테이블의 크기가 
메모리에 적재할 수 있는 크기보다 더 커지면 
임시영역(디스크)에 해쉬테이블의 일부를 저장한다.
  ① (가), (나)
② (다), (라)
  ③ (가), (다)
④ (나), (다), (라)
- 15 -",2026,66,,"[2015, 2016, 2017, 2018, 2019, 2020, 2021, 2022, 2023, 2024, 2025, 2026]","[{""year"": 2026, ""num"": 66}, {""year"": 2026, ""num"": 64}, {""year"": 2026, ""num"": 63}, {""year"": 2026, ""num"": 53}, {""year"": 2025, ""num"": 61}, {""year"": 2025, ""num"": 60}, {""year"": 2025, ""num"": 58}, {""year"": 2025, ""num"": 53}, {""year"": 2025, ""num"": 52}, {""year"": 2024, ""num"": 67}, {""year"": 2024, ""num"": 53}, {""year"": 2024, ""num"": 52}, {""year"": 2023, ""num"": 59}, {""year"": 2022, ""num"": 59}, {""year"": 2021, ""num"": 63}, {""year"": 2021, ""num"": 61}, {""year"": 2021, ""num"": 59}, {""year"": 2021, ""num"": 56}, {""year"": 2020, ""num"": 61}, {""year"": 2020, ""num"": 60}, {""year"": 2020, ""num"": 56}, {""year"": 2020, ""num"": 52}, {""year"": 2020, ""num"": 51}, {""year"": 2019, ""num"": 58}, {""year"": 2019, ""num"": 53}, {""year"": 2018, ""num"": 73}, {""year"": 2018, ""num"": 70}, {""year"": 2018, ""num"": 66}, {""year"": 2018, ""num"": 59}, {""year"": 2018, ""num"": 56}, {""year"": 2018, ""num"": 53}, {""year"": 2018, ""num"": 52}, {""year"": 2017, ""num"": 73}, {""year"": 2017, ""num"": 72}, {""year"": 2017, ""num"": 68}, {""year"": 2017, ""num"": 66}, {""year"": 2017, ""num"": 61}, {""year"": 2017, ""num"": 55}, {""year"": 2016, ""num"": 68}, {""year"": 2016, ""num"": 59}, {""year"": 2016, ""num"": 57}, {""year"": 2016, ""num"": 56}, {""year"": 2015, ""num"": 74}, {""year"": 2015, ""num"": 70}]"
3,DB,frequent,트랜잭션 ACID 특성 및 상태 전이,DBMS 기술,42,데이터베이스 논리적 연산 단위인 트랜잭션의 4대 필수 성질 보장,"원자성(Atomicity), 일관성(Consistency), 격리성(Isolation - 특히 격리 레벨별 Read phenomena), 영속성(Durability)의 정의와 위배 예시를 평가합니다.",DBMS 기술 -> 트랜잭션 정의,"73. CAP 정리는 모든 분산 데이터 저장소가 네트워크 
분할 또는 장애발생시 일관성(Consistency), 가용성
(Availability), 분할 감내(Partition Tolerance) 등 세 개의 
특성 중 두 개만 동시에 보장할 수 있다는 것이다. 
네트워크가 두 개의 파티션으로 분할된 후 각 파티션에 
한 개씩의 노드가 있다고 가정할 때, 다음 설명에 
들어가는 ㉠, ㉡의 내용으로 옳은 것은?
- ㉠을 보장하려면 네트워크가 분할된 후에도 시스
템이 예상대로 계속 작동해야 하므로 각 파티션에 
속한 두 노드는 서로 다른 값을 읽을 수 있게 된
다. 
- ㉡을 보장하려면 두 개의 파티션 중에서 한 파티
션은 사용할 수 없는 것처럼 작동해야 한다.
㉠
㉡
① 
가용성 + 분할감내
일관성 + 분할감내
②
가용성 + 분할감내
일관성 + 가용성
③
일관성 + 가용성
일관성 + 분할감내
④
일관성 + 가용성
가용성 + 분할감내",2026,73,,"[2015, 2016, 2017, 2018, 2019, 2020, 2021, 2022, 2023, 2024, 2025, 2026]","[{""year"": 2026, ""num"": 73}, {""year"": 2026, ""num"": 68}, {""year"": 2026, ""num"": 62}, {""year"": 2025, ""num"": 73}, {""year"": 2025, ""num"": 70}, {""year"": 2024, ""num"": 74}, {""year"": 2024, ""num"": 54}, {""year"": 2023, ""num"": 74}, {""year"": 2023, ""num"": 72}, {""year"": 2023, ""num"": 71}, {""year"": 2023, ""num"": 68}, {""year"": 2023, ""num"": 66}, {""year"": 2023, ""num"": 64}, {""year"": 2022, ""num"": 75}, {""year"": 2022, ""num"": 66}, {""year"": 2022, ""num"": 63}, {""year"": 2021, ""num"": 71}, {""year"": 2021, ""num"": 70}, {""year"": 2021, ""num"": 64}, {""year"": 2021, ""num"": 62}, {""year"": 2020, ""num"": 64}, {""year"": 2020, ""num"": 59}, {""year"": 2020, ""num"": 53}, {""year"": 2019, ""num"": 74}, {""year"": 2019, ""num"": 69}, {""year"": 2019, ""num"": 62}, {""year"": 2019, ""num"": 55}, {""year"": 2018, ""num"": 71}, {""year"": 2018, ""num"": 68}, {""year"": 2018, ""num"": 67}, {""year"": 2017, ""num"": 70}, {""year"": 2017, ""num"": 64}, {""year"": 2017, ""num"": 63}, {""year"": 2016, ""num"": 71}, {""year"": 2016, ""num"": 69}, {""year"": 2016, ""num"": 55}, {""year"": 2016, ""num"": 52}, {""year"": 2015, ""num"": 72}, {""year"": 2015, ""num"": 66}, {""year"": 2015, ""num"": 59}, {""year"": 2015, ""num"": 55}, {""year"": 2015, ""num"": 53}]"
4,DB,frequent,인덱스 및 B-Tree 구조 특징,DB개념 및 설계,22,검색 성과를 극대화하기 위해 물리 디스크 블록 검색 빈도를 최적화하는 색인 설계,"B-Tree와 B+Tree(리프 노드 간 연결 리스트 제공)의 구조적 탐색 효율 차이, 클러스터드/넌클러스터드 인덱스 생성 시 테이블 물리 정렬 상태 차이를 질문합니다.",DB개념 및 설계 -> 물리적 설계 -> 색인,"74. 다음은 MapReduce 방식으로 어떤 기능을 구현하는 
방법을 설명한 것이다. 이 설명에 해당하는 기능은?
- Map 함수는 각 문서를 파싱하여 (단어, 문서번
호) 쌍의 시퀀스를 출력한다. 
- Reduce 함수는 주어진 단어에 대한 모든 쌍을 
받아들여 문서번호에 의해 정렬하고 (단어, 리스
트(문서번호)) 쌍을 출력한다.
  ① 분산 grep (distributed grep) 
  ② 웹-링크 그래프 (Web-Link graph) 
  ③ 단어 빈도수 (word count) 
  ④ 역 인덱스 (inverted index)",2026,74,,"[2015, 2016, 2017, 2018, 2019, 2020, 2021, 2023, 2024, 2025, 2026]","[{""year"": 2026, ""num"": 74}, {""year"": 2026, ""num"": 66}, {""year"": 2026, ""num"": 65}, {""year"": 2025, ""num"": 74}, {""year"": 2025, ""num"": 64}, {""year"": 2024, ""num"": 59}, {""year"": 2024, ""num"": 53}, {""year"": 2023, ""num"": 73}, {""year"": 2021, ""num"": 66}, {""year"": 2020, ""num"": 72}, {""year"": 2020, ""num"": 71}, {""year"": 2019, ""num"": 75}, {""year"": 2019, ""num"": 67}, {""year"": 2019, ""num"": 59}, {""year"": 2018, ""num"": 73}, {""year"": 2018, ""num"": 72}, {""year"": 2017, ""num"": 72}, {""year"": 2017, ""num"": 68}, {""year"": 2017, ""num"": 62}, {""year"": 2017, ""num"": 61}, {""year"": 2016, ""num"": 62}, {""year"": 2015, ""num"": 54}]"
5,DB,frequent,"DB 정규화 단계 및 정규형 특징 (1NF~5NF, BCNF)",DB개념 및 설계,20,릴레이션 스키마 분해를 통해 중복을 제거하고 이상 현상을 방지하는 정밀 설계 기법,"제3정규형(이행적 함수 종속 제거)에서 BCNF(모든 결정자가 후보키), 제4정규형(다치종속), 제5정규형(조인종속)으로 가는 단계적 결정 조건을 구별하는 문제가 매년 고정 출제됩니다.",DB개념 및 설계 -> 논리적 설계 -> 정규화,"63. 다음은 반(역)정규화 적용 유형에 대한 설명이다.  
옳은 것을 모두 고른 것은?
가. 특정 컬럼의 크기가 너무 커서 디스크 I/O가 과다
하게 발생하는 경우, 해당 컬럼을 별도의 테이블
로 분리하는 것을 수평 분할이라 한다.
나. 테이블 병합은 조인 비용을 줄이기 위해 여러 테이
블을 하나의 테이블로 통합하는 반정규화 방법이다.
다. 부분 테이블 분할은 데이터 접근 빈도에 따라 테이블을 
여러 개로 나누어 성능을 개선하는 정규화 기법이다.
라. 접근 경로의 단축을 위해 부모 테이블의 컬럼을 
자식 테이블에 중복시킬 수 있다.
  ① 가, 나
② 나, 라
  ③ 가, 나, 다
④ 나, 다, 라",2026,63,,"[2015, 2016, 2018, 2019, 2020, 2021, 2022, 2023, 2024, 2025, 2026]","[{""year"": 2026, ""num"": 63}, {""year"": 2026, ""num"": 56}, {""year"": 2025, ""num"": 54}, {""year"": 2024, ""num"": 58}, {""year"": 2024, ""num"": 57}, {""year"": 2023, ""num"": 61}, {""year"": 2023, ""num"": 58}, {""year"": 2022, ""num"": 55}, {""year"": 2021, ""num"": 74}, {""year"": 2020, ""num"": 65}, {""year"": 2020, ""num"": 58}, {""year"": 2019, ""num"": 66}, {""year"": 2019, ""num"": 52}, {""year"": 2018, ""num"": 56}, {""year"": 2018, ""num"": 51}, {""year"": 2016, ""num"": 67}, {""year"": 2016, ""num"": 66}, {""year"": 2015, ""num"": 75}, {""year"": 2015, ""num"": 71}, {""year"": 2015, ""num"": 51}]"
6,DB,frequent,ER 데이터 모델링 및 식별/비식별 관계,DB개념 및 설계,15,"개념적 설계 단계의 엔티티, 속성, 관계 표현법 및 물리 스키마 맵핑 규칙",식별 관계(부모 키를 자식의 주식별자로 상속)와 비식별 관계(일반 속성으로 상속)의 점선/실선 기호 해석 및 다대다 관계 해소를 위한 교차 테이블 설계를 묻습니다.,DB개념 및 설계 -> 개념적 설계 -> ERD,"54. 다음 EER 다이어그램에 대한 설명으로 옳은 것은? 
(단, 이중선은 전체 참여 제약, 원의 문자 d는 분리 
제약을 표현한다.)
  ① 직원은 서브클래스 개체이다. 
  ② 월급직원이나 시급직원에 속하지 않는 직원도 
존재한다. 
  ③ 월급직원도 노조에 소속할 수 있다. 
  ④ 월급직원이면서 동시에 시급직원일 수는 없다.",2026,54,,"[2015, 2016, 2017, 2018, 2019, 2020, 2022, 2023, 2024, 2026]","[{""year"": 2026, ""num"": 54}, {""year"": 2024, ""num"": 56}, {""year"": 2023, ""num"": 56}, {""year"": 2023, ""num"": 55}, {""year"": 2022, ""num"": 60}, {""year"": 2022, ""num"": 53}, {""year"": 2020, ""num"": 73}, {""year"": 2019, ""num"": 63}, {""year"": 2018, ""num"": 57}, {""year"": 2018, ""num"": 53}, {""year"": 2017, ""num"": 52}, {""year"": 2016, ""num"": 75}, {""year"": 2016, ""num"": 74}, {""year"": 2015, ""num"": 71}, {""year"": 2015, ""num"": 52}]"
7,DB,frequent,동시성 제어 및 2단계 잠금 규약 (2PL),DBMS 기술,13,다중 사용자 환경에서 트랜잭션들이 동시에 실행될 때 직렬 가능성을 보장하는 잠금 메커니즘,"2단계 잠금 규약(2PL)의 직렬화 가능성 보장 여부 및 교착상태(Deadlock) 발생 한계점, 낙관적 검증 기법, 다중 버전 동시성 제어(MVCC)의 특징을 비교합니다.",DBMS 기술 -> 동시성 제어,"69. 다음 그림은 2단계 로킹 프로토콜의 확장과 수축 
단계를 표시한 그림이다. 로크포인트(lock point)는 
ⓐ ~ ⓓ 중 어느 시점인가?
  ① ⓐ
② ⓑ
  ③ ⓒ
④ ⓓ",2026,69,,"[2015, 2016, 2018, 2019, 2021, 2023, 2024, 2025, 2026]","[{""year"": 2026, ""num"": 69}, {""year"": 2025, ""num"": 66}, {""year"": 2024, ""num"": 54}, {""year"": 2023, ""num"": 68}, {""year"": 2023, ""num"": 67}, {""year"": 2023, ""num"": 66}, {""year"": 2021, ""num"": 64}, {""year"": 2019, ""num"": 71}, {""year"": 2019, ""num"": 69}, {""year"": 2019, ""num"": 62}, {""year"": 2018, ""num"": 75}, {""year"": 2016, ""num"": 54}, {""year"": 2015, ""num"": 59}]"
8,DB,frequent,NoSQL 데이터베이스 분류 및 CAP 이론,빅데이터 및 AI데이터,12,비관계형 대용량 데이터를 처리하기 위한 스키마리스 DBMS 아키텍처 표준,"일관성(C), 가용성(A), 분할 용인성(P) 중 2가지만 충족 가능한 CAP 이론의 한계와 CA, CP, AP 계열 NoSQL 제품군(MongoDB, Cassandra 등) 맵핑을 다룹니다.",빅데이터 및 AI데이터 -> NoSQL,"73. CAP 정리는 모든 분산 데이터 저장소가 네트워크 
분할 또는 장애발생시 일관성(Consistency), 가용성
(Availability), 분할 감내(Partition Tolerance) 등 세 개의 
특성 중 두 개만 동시에 보장할 수 있다는 것이다. 
네트워크가 두 개의 파티션으로 분할된 후 각 파티션에 
한 개씩의 노드가 있다고 가정할 때, 다음 설명에 
들어가는 ㉠, ㉡의 내용으로 옳은 것은?
- ㉠을 보장하려면 네트워크가 분할된 후에도 시스
템이 예상대로 계속 작동해야 하므로 각 파티션에 
속한 두 노드는 서로 다른 값을 읽을 수 있게 된
다. 
- ㉡을 보장하려면 두 개의 파티션 중에서 한 파티
션은 사용할 수 없는 것처럼 작동해야 한다.
㉠
㉡
① 
가용성 + 분할감내
일관성 + 분할감내
②
가용성 + 분할감내
일관성 + 가용성
③
일관성 + 가용성
일관성 + 분할감내
④
일관성 + 가용성
가용성 + 분할감내",2026,73,,"[2015, 2017, 2020, 2021, 2022, 2023, 2024, 2025, 2026]","[{""year"": 2026, ""num"": 73}, {""year"": 2025, ""num"": 75}, {""year"": 2025, ""num"": 73}, {""year"": 2024, ""num"": 51}, {""year"": 2023, ""num"": 74}, {""year"": 2023, ""num"": 72}, {""year"": 2022, ""num"": 72}, {""year"": 2021, ""num"": 62}, {""year"": 2020, ""num"": 67}, {""year"": 2020, ""num"": 64}, {""year"": 2017, ""num"": 72}, {""year"": 2015, ""num"": 64}]"
9,DB,frequent,DBMS 회복 기법 (REDO / UNDO),DBMS 기술,8,트랜잭션 장애 발생 시 데이터베이스를 일관된 이전 상태로 복구하는 기술,"로그 기반 즉시 갱신(REDO/UNDO 모두 수행)과 지연 갱신(REDO만 수행)의 차이, 그리고 검사점(Checkpoint) 기법 적용 시점 기준 복구 로그 분석 연산이 출제됩니다.",DBMS 기술 -> 트랜잭션 회복,"74. WAL(Write-Ahead Logging) 기법은 두 가지 로그 
엔트리를 사용한다. 먼저 항목의 AFIM(After 
Image)을 기록하는데 이는 트랜잭션의 (가)에 대
비하기 위함이며, 항목의 BFIM(Before Image)을 
기록하는데 이는 트랜잭션의 (나)에 대비하기 위
함이다. 이때, (가)와 (나)에 들어갈 용어로 가장 
올바른 것은?
  ① (가) VOLATILE
(나) PERSISTENT
  ② (가) PERSISTENT
(나) VOLATILE
  ③ (가) REDO
(나) UNDO
  ④ (가) UNDO
(나) REDO",2024,74,,"[2015, 2017, 2019, 2020, 2021, 2022, 2024]","[{""year"": 2024, ""num"": 74}, {""year"": 2022, ""num"": 66}, {""year"": 2022, ""num"": 63}, {""year"": 2021, ""num"": 71}, {""year"": 2020, ""num"": 53}, {""year"": 2019, ""num"": 74}, {""year"": 2017, ""num"": 63}, {""year"": 2015, ""num"": 72}]"
10,DB,frequent,분산 데이터베이스 투명성 요건,DB응용,4,물리적으로 분산된 여러 DB 노드를 단일 시스템처럼 투명하게 다루는 아키텍처,"4대 투명성인 위치(Location), 중복(Replication), 단편화(Fragmentation), 장애(Failure) 투명성의 정의를 명확히 구분하는 문제가 빈출됩니다.",DB응용 -> 분산 데이터베이스,"71. 분산 데이터베이스 시스템에서 분산 투명성에 대
한 설명으로 적절하지 않은 것은?
  ① 데이터의 실제 저장 위치를 알 필요 없이 데이
터베이스의 논리적 이름만으로 데이터에 접근할 
수 있는 위치 투명성(location transparency)을 
보장해야 한다. 
  ② 분산 데이터베이스와 관련된 트랜잭션들이 동시
에 수행되더라도 항상 일관성을 유지하는 장애 
투명성(failure transparency)을 보장해야 한다. 
  ③ 동일한 데이터가 여러 지역에 중복해서 저장되
는 경우 사용자가 중복을 인식하지 못하게 하는 
중복 투명성(replication transparency)을 보장
해야 한다. 
  ④ 하나의 릴레이션을 더 작은 조각(단편)으로 나누
고 각 조각을 별개의 릴레이션으로 처리할 때 완
전성, 회복성, 분리성을 보장하는 단편화 투명성
(fragmentation transparency)을 보장해야 한다.",2023,71,,"[2017, 2020, 2022, 2023]","[{""year"": 2023, ""num"": 71}, {""year"": 2022, ""num"": 75}, {""year"": 2020, ""num"": 75}, {""year"": 2017, ""num"": 73}]"
11,DB,frequent,빅데이터 분산 플랫폼 (Hadoop/MapReduce),빅데이터 및 AI데이터,4,저가형 범용 서버를 이용해 대용량 빅데이터를 분산 저장하고 병렬 처리하는 에코시스템,HDFS(하둡 분산 파일시스템)의 마스터-슬레이브 복제 아키텍처와 맵(Map) 단계 및 리듀스(Reduce) 단계 간 셔플링 연산의 파이프라인 특징을 다룹니다.,빅데이터 및 AI데이터 -> 분산 플랫폼,"74. 다음은 MapReduce 방식으로 어떤 기능을 구현하는 
방법을 설명한 것이다. 이 설명에 해당하는 기능은?
- Map 함수는 각 문서를 파싱하여 (단어, 문서번
호) 쌍의 시퀀스를 출력한다. 
- Reduce 함수는 주어진 단어에 대한 모든 쌍을 
받아들여 문서번호에 의해 정렬하고 (단어, 리스
트(문서번호)) 쌍을 출력한다.
  ① 분산 grep (distributed grep) 
  ② 웹-링크 그래프 (Web-Link graph) 
  ③ 단어 빈도수 (word count) 
  ④ 역 인덱스 (inverted index)",2026,74,,"[2023, 2024, 2025, 2026]","[{""year"": 2026, ""num"": 74}, {""year"": 2025, ""num"": 67}, {""year"": 2024, ""num"": 72}, {""year"": 2023, ""num"": 69}]"
12,DB,frequent,[기타],기타,87,기출문제 중 기존 세부 개념으로 정의되지 않은 기타 문항들입니다.,기타 분류된 문제 리스트를 검토하여 누락된 개념이나 특이 문제 유형을 점검합니다.,기타,"75. 다음과 같은 ER 스키마를 관계 모델의 릴레이션
으로 사상할 때 가장 적절한 것은?
E1E2
PK1
A1
K
A2
  ① 
E1
E2
PK1
A1
K
A2
  ② 
E1
E2
PK1
A1
PK1
K
A2
  ③ 
E1
R
E2
PK1
A1
PK1
K
K
A2
  ④ 
- 17 -
시스템 구조",2026,75,,"[2015, 2016, 2017, 2018, 2019, 2020, 2021, 2022, 2023, 2024, 2025, 2026]","[{""year"": 2026, ""num"": 75}, {""year"": 2026, ""num"": 72}, {""year"": 2026, ""num"": 71}, {""year"": 2025, ""num"": 71}, {""year"": 2025, ""num"": 69}, {""year"": 2025, ""num"": 68}, {""year"": 2025, ""num"": 63}, {""year"": 2025, ""num"": 56}, {""year"": 2025, ""num"": 55}, {""year"": 2025, ""num"": 51}, {""year"": 2024, ""num"": 75}, {""year"": 2024, ""num"": 73}, {""year"": 2024, ""num"": 71}, {""year"": 2024, ""num"": 69}, {""year"": 2024, ""num"": 66}, {""year"": 2024, ""num"": 64}, {""year"": 2024, ""num"": 62}, {""year"": 2023, ""num"": 75}, {""year"": 2023, ""num"": 54}, {""year"": 2023, ""num"": 53}, {""year"": 2023, ""num"": 52}, {""year"": 2023, ""num"": 51}, {""year"": 2022, ""num"": 74}, {""year"": 2022, ""num"": 73}, {""year"": 2022, ""num"": 71}, {""year"": 2022, ""num"": 70}, {""year"": 2022, ""num"": 68}, {""year"": 2022, ""num"": 67}, {""year"": 2022, ""num"": 65}, {""year"": 2022, ""num"": 62}, {""year"": 2022, ""num"": 56}, {""year"": 2022, ""num"": 54}, {""year"": 2022, ""num"": 52}, {""year"": 2022, ""num"": 51}, {""year"": 2021, ""num"": 75}, {""year"": 2021, ""num"": 73}, {""year"": 2021, ""num"": 72}, {""year"": 2021, ""num"": 69}, {""year"": 2021, ""num"": 68}, {""year"": 2021, ""num"": 58}, {""year"": 2021, ""num"": 57}, {""year"": 2021, ""num"": 53}, {""year"": 2021, ""num"": 52}, {""year"": 2021, ""num"": 51}, {""year"": 2020, ""num"": 74}, {""year"": 2020, ""num"": 70}, {""year"": 2020, ""num"": 69}, {""year"": 2020, ""num"": 68}, {""year"": 2020, ""num"": 66}, {""year"": 2020, ""num"": 54}, {""year"": 2019, ""num"": 73}, {""year"": 2019, ""num"": 72}, {""year"": 2019, ""num"": 70}, {""year"": 2019, ""num"": 65}, {""year"": 2019, ""num"": 64}, {""year"": 2019, ""num"": 61}, {""year"": 2019, ""num"": 60}, {""year"": 2019, ""num"": 56}, {""year"": 2019, ""num"": 54}, {""year"": 2018, ""num"": 74}, {""year"": 2018, ""num"": 61}, {""year"": 2018, ""num"": 60}, {""year"": 2018, ""num"": 58}, {""year"": 2018, ""num"": 55}, {""year"": 2018, ""num"": 54}, {""year"": 2017, ""num"": 75}, {""year"": 2017, ""num"": 74}, {""year"": 2017, ""num"": 71}, {""year"": 2017, ""num"": 67}, {""year"": 2017, ""num"": 65}, {""year"": 2017, ""num"": 53}, {""year"": 2017, ""num"": 51}, {""year"": 2016, ""num"": 73}, {""year"": 2016, ""num"": 72}, {""year"": 2016, ""num"": 70}, {""year"": 2016, ""num"": 65}, {""year"": 2016, ""num"": 64}, {""year"": 2016, ""num"": 53}, {""year"": 2016, ""num"": 51}, {""year"": 2015, ""num"": 67}, {""year"": 2015, ""num"": 63}, {""year"": 2015, ""num"": 62}, {""year"": 2015, ""num"": 61}, {""year"": 2015, ""num"": 60}, {""year"": 2015, ""num"": 57}, {""year"": 2015, ""num"": 56}, {""year"": 2022, ""num"": 69}]"
13,DB,official,1-a. 데이터베이스 시스템 개념 및 이론,1. DB개념 및 설계,3,데이터베이스 3단계 스키마 구조와 물리/논리적 독립성,외부/개념/내부 스키마 정의 및 독립성과 메타데이터 시스템 카탈로그의 성격을 묻는 기본 이론이 출제됩니다.,DB개념 및 설계 -> DB 기본 개념,"67. 다음 중 시스템 카탈로그에 관한 설명으로 옳지 
않은 것은?
  ① SQL 질의가 실행될 때 DBMS의 질의처리기는 
반드시 시스템 카탈로그를 참조해야 한다.
  ② SYSTEM_LOG는 SQL 표준으로 정의된 가상 스
키마로, 테이블·컬럼·제약조건 등 메타데이터를 
표준화된 방법으로 조회할 수 있게 한다.
  ③ CREATE, ALTER, DROP 등 DDL이 실행될 때마다 
DBMS는 자동적으로 시스템 카탈로그 테이블들
의 행을 삽입, 삭제, 수정 등을 수행한다.
  ④ 데이터베이스에 포함되는 모든 데이터 객체에 
대한 정의와 명세에 관한 정보인 메타데이터를 
유지 및 관리한다.",2026,67,0,"[2016, 2018, 2026]","[{""year"": 2026, ""num"": 67}, {""year"": 2018, ""num"": 74}, {""year"": 2016, ""num"": 64}]"
14,DB,official,"1-b. 데이터 모델의 개념, 관계형/객체지향 DB",1. DB개념 및 설계,52,개념적 ER 모델 및 관계형 모델의 기본키/외래키/키 종류 및 무결성 규약,"개체 무결성, 참조 무결성, 후보키/슈퍼키/대체키 개념 식별 및 ERD 기호 해석이 빈출됩니다.",DB개념 및 설계 -> 개념적/논리적 설계,"52. 참조하는 테이블을 EMP라고 하고, 참조되는 테이
블을 DEPT라고 할 때 참조 무결성 제약조건을 
보장하기 위해 사용하는 ‘ON DELETE RESTRICT’에 
대한 설명으로 가장 적절한 것은?
  ① DEPT 테이블에서 어떤 투플이 삭제되어 참조 
무결성 제약조건을 위배하는 경우가 발생하면, 
삭제된 기본키 값을 참조하는 EMP 테이블의 
외래키에 널 값을 채운다.
  ② DEPT 테이블에서 어떤 투플이 삭제되어 참조 
무결성 제약조건을 위배하는 경우가 발생하면, 
EMP 테이블에서 이 값을 참조하는 모든 투플도 
연쇄적으로 삭제된다.
  ③ DEPT 테이블에서 어떤 투플이 삭제되면 EMP 
테이블에서 이 값을 참조하는 모든 투플의 애트
리뷰트가, 디폴트 값이 명시된 경우 디폴트 값을 
갖는다.
  ④ DEPT 테이블에서 어떤 투플을 삭제하려는데, 
이 투플의 기본키 값을 참조하고 있는 투플이 
EMP 테이블에 존재하면 삭제 연산을 거절한다.
- 12 -",2026,52,1,"[2015, 2016, 2017, 2018, 2019, 2020, 2021, 2022, 2023, 2024, 2025, 2026]","[{""year"": 2026, ""num"": 52}, {""year"": 2025, ""num"": 60}, {""year"": 2025, ""num"": 57}, {""year"": 2025, ""num"": 56}, {""year"": 2025, ""num"": 51}, {""year"": 2024, ""num"": 69}, {""year"": 2024, ""num"": 63}, {""year"": 2024, ""num"": 61}, {""year"": 2024, ""num"": 59}, {""year"": 2024, ""num"": 56}, {""year"": 2023, ""num"": 63}, {""year"": 2023, ""num"": 61}, {""year"": 2023, ""num"": 60}, {""year"": 2023, ""num"": 57}, {""year"": 2023, ""num"": 55}, {""year"": 2023, ""num"": 53}, {""year"": 2022, ""num"": 60}, {""year"": 2022, ""num"": 56}, {""year"": 2022, ""num"": 55}, {""year"": 2022, ""num"": 54}, {""year"": 2022, ""num"": 53}, {""year"": 2022, ""num"": 52}, {""year"": 2021, ""num"": 72}, {""year"": 2021, ""num"": 65}, {""year"": 2021, ""num"": 60}, {""year"": 2021, ""num"": 59}, {""year"": 2021, ""num"": 57}, {""year"": 2020, ""num"": 73}, {""year"": 2020, ""num"": 61}, {""year"": 2020, ""num"": 60}, {""year"": 2020, ""num"": 55}, {""year"": 2019, ""num"": 65}, {""year"": 2019, ""num"": 60}, {""year"": 2019, ""num"": 57}, {""year"": 2018, ""num"": 70}, {""year"": 2018, ""num"": 57}, {""year"": 2018, ""num"": 54}, {""year"": 2018, ""num"": 53}, {""year"": 2017, ""num"": 54}, {""year"": 2016, ""num"": 75}, {""year"": 2016, ""num"": 74}, {""year"": 2016, ""num"": 68}, {""year"": 2016, ""num"": 67}, {""year"": 2016, ""num"": 66}, {""year"": 2015, ""num"": 75}, {""year"": 2015, ""num"": 71}, {""year"": 2015, ""num"": 69}, {""year"": 2015, ""num"": 65}, {""year"": 2015, ""num"": 57}, {""year"": 2015, ""num"": 54}, {""year"": 2015, ""num"": 52}, {""year"": 2015, ""num"": 51}]"
15,DB,official,"1-c. 데이터베이스 설계, 정규화",1. DB개념 및 설계,24,"중복 제거 및 이상 현상 해소를 위한 단계별 정규화 기법 (1NF~5NF, BCNF)",1NF부터 5NF 및 BCNF에 도달하는 조건식 판단 및 무손실 분해 성질 증명이 매년 2문항 이상 단골 출제됩니다.,DB개념 및 설계 -> 정규화 이론,"63. 다음은 반(역)정규화 적용 유형에 대한 설명이다.  
옳은 것을 모두 고른 것은?
가. 특정 컬럼의 크기가 너무 커서 디스크 I/O가 과다
하게 발생하는 경우, 해당 컬럼을 별도의 테이블
로 분리하는 것을 수평 분할이라 한다.
나. 테이블 병합은 조인 비용을 줄이기 위해 여러 테이
블을 하나의 테이블로 통합하는 반정규화 방법이다.
다. 부분 테이블 분할은 데이터 접근 빈도에 따라 테이블을 
여러 개로 나누어 성능을 개선하는 정규화 기법이다.
라. 접근 경로의 단축을 위해 부모 테이블의 컬럼을 
자식 테이블에 중복시킬 수 있다.
  ① 가, 나
② 나, 라
  ③ 가, 나, 다
④ 나, 다, 라",2026,63,2,"[2015, 2016, 2017, 2018, 2019, 2020, 2021, 2022, 2023, 2024, 2025, 2026]","[{""year"": 2026, ""num"": 63}, {""year"": 2026, ""num"": 56}, {""year"": 2025, ""num"": 54}, {""year"": 2024, ""num"": 58}, {""year"": 2024, ""num"": 57}, {""year"": 2023, ""num"": 61}, {""year"": 2023, ""num"": 58}, {""year"": 2022, ""num"": 55}, {""year"": 2022, ""num"": 54}, {""year"": 2021, ""num"": 74}, {""year"": 2021, ""num"": 53}, {""year"": 2020, ""num"": 65}, {""year"": 2020, ""num"": 58}, {""year"": 2019, ""num"": 66}, {""year"": 2019, ""num"": 52}, {""year"": 2018, ""num"": 60}, {""year"": 2018, ""num"": 56}, {""year"": 2018, ""num"": 51}, {""year"": 2017, ""num"": 53}, {""year"": 2016, ""num"": 67}, {""year"": 2016, ""num"": 66}, {""year"": 2015, ""num"": 75}, {""year"": 2015, ""num"": 71}, {""year"": 2015, ""num"": 51}]"
16,DB,official,"1-d. 데이터 아키텍처, 데이터베이스 구축 방법론v.4.0(NIA, 2014)",1. DB개념 및 설계,2,데이터 아키텍처(DA) 및 국가 정보화 데이터베이스 구축 절차 가이드,데이터 표준화 요소와 공공부문 DB 구축 방법론의 산출물 및 단계별 감리 점검 포인트가 기출됩니다.,DB개념 및 설계 -> DA 및 구축방법론,"51. 데이터베이스 구축 방법론 v4.0의 DB구축 공정에서 
다음의 태스크들이 진행되는 세그먼트에 해당하는 
것은?
- 메타데이터 입력항목 협의
- 한자 및 다국어 지원협의
- 표준안수립 및 작업지침 작성
  ① 현황조사 
  ② 구축대상선정 
  ③ 계획수립 
  ④ 실행계획",2022,51,3,"[2018, 2022]","[{""year"": 2022, ""num"": 51}, {""year"": 2018, ""num"": 52}]"
17,DB,official,"1-e. 데이터베이스 품질관리, 공공기관 데이터베이스 표준화 지침",1. DB개념 및 설계,2,공공기관 메타데이터 등록 규칙 및 데이터 품질 지표 준칙,"메타데이터, 데이터 도메인 관리 요건 및 행안부 DB 표준화 지침의 세부 점검 업무를 다룹니다.",DB개념 및 설계 -> 품질관리 지침,"67. 다음 중 시스템 카탈로그에 관한 설명으로 옳지 
않은 것은?
  ① SQL 질의가 실행될 때 DBMS의 질의처리기는 
반드시 시스템 카탈로그를 참조해야 한다.
  ② SYSTEM_LOG는 SQL 표준으로 정의된 가상 스
키마로, 테이블·컬럼·제약조건 등 메타데이터를 
표준화된 방법으로 조회할 수 있게 한다.
  ③ CREATE, ALTER, DROP 등 DDL이 실행될 때마다 
DBMS는 자동적으로 시스템 카탈로그 테이블들
의 행을 삽입, 삭제, 수정 등을 수행한다.
  ④ 데이터베이스에 포함되는 모든 데이터 객체에 
대한 정의와 명세에 관한 정보인 메타데이터를 
유지 및 관리한다.",2026,67,4,"[2022, 2026]","[{""year"": 2026, ""num"": 67}, {""year"": 2022, ""num"": 51}]"
18,DB,official,2-a. 관계대수,2. DB언어,23,"릴레이션을 조작하는 절차적인 연산자 세트 (Select, Project, Join, Division 등)","순수 관계 대수의 시그마, 파이, 디비전 연산의 질의 표현식과 결과 릴레이션 차수 계산이 기출됩니다.",DB언어 -> 관계 대수,"64. 두 개의 릴레이션 R(A, B, C, D)과 S(D, E, F)에 
대한 다음 관계 대수식 보기 중에서 동등하지 않은 
관계 대수식은?
  ① σA=3 AND F=9 (R ⋈R.D=S.D S) 
  ② σA=3 OR F=9 (R ⋈R.D=S.D S) 
  ③ (σA=3 R) ⋈R.D=S.D (σF=9 S)
  ④ σA=3 (σF=9 (R ⋈R.D=S.D S))",2026,64,5,"[2015, 2016, 2017, 2018, 2019, 2020, 2021, 2022, 2023, 2024, 2025, 2026]","[{""year"": 2026, ""num"": 64}, {""year"": 2025, ""num"": 61}, {""year"": 2025, ""num"": 60}, {""year"": 2025, ""num"": 58}, {""year"": 2024, ""num"": 67}, {""year"": 2024, ""num"": 52}, {""year"": 2023, ""num"": 59}, {""year"": 2022, ""num"": 59}, {""year"": 2021, ""num"": 61}, {""year"": 2021, ""num"": 59}, {""year"": 2020, ""num"": 61}, {""year"": 2020, ""num"": 56}, {""year"": 2020, ""num"": 51}, {""year"": 2019, ""num"": 58}, {""year"": 2018, ""num"": 66}, {""year"": 2018, ""num"": 59}, {""year"": 2018, ""num"": 53}, {""year"": 2018, ""num"": 52}, {""year"": 2017, ""num"": 68}, {""year"": 2017, ""num"": 55}, {""year"": 2016, ""num"": 59}, {""year"": 2016, ""num"": 56}, {""year"": 2015, ""num"": 70}]"
19,DB,official,"2-b. SQL, 내장SQL, 절차형 SQL, ODBC/JDBC 등",2. DB언어,126,"DDL/DML/DCL 활용과 트리거, 사용자정의함수, 서브쿼리 및 DB 연동 인터페이스","Outer Join의 null 처리, Having절 조건 및 Having vs Where 차이점, 뷰의 갱신 조건 규정을 해석하는 쿼리 분석이 출제됩니다.",DB언어 -> SQL 질의어,"70. 다음은 데이터베이스 보안을 위한 접근제어
(access control) 모델 및 정책에 대한 설명이다. 
<보기> 중 옳은 것을 모두 고른 것은?
<보기>
가. 강제적 접근제어(MAC) 기반의 레이블 보안
(label-based security)은 객체의 보안 등급과 
사용자의 허가 등급을 비교하여 통제하며, 관
리자나 소유자가 임의로 접근 권한을 변경할 
수 없는 중앙 집중적 정책을 따른다.
나. 역할기반 접근제어(RBAC)는 권한을 개별 사용
자에게 직접 할당하지 않고 객체 소유자가 자
신의 판단에 따라 다른 사용자에게 자유롭게 
권한을 위임(grant)하는 것을 원칙으로 한다.
다. 행 수준 보안(row level security, RLS)은 
WHERE 절 등 특정 조건에 따라 사용자별로 
조회 가능한 레코드를 제한하는 미세 단위 접
근제어(FGAC) 기법으로, 더 미세한 크기의 데
이터 보안을 제공한다.
라. 임의적 접근제어(DAC)는 데이터 객체의 소유자가 
접근 통제권한을 가지며, SQL의 GRANT와 
REVOKE 문을 통해 구현된다. 이는 사용자 신
분(identity)에 기반하여 유연한 권한 관리가 가
능하다는 장점이 있다.
  ① (가), (나)
② (다), (라)
  ③ (가), (다), (라)
④ (나), (다), (라)",2026,70,6,"[2015, 2016, 2017, 2018, 2019, 2020, 2021, 2022, 2023, 2024, 2025, 2026]","[{""year"": 2026, ""num"": 70}, {""year"": 2026, ""num"": 67}, {""year"": 2026, ""num"": 66}, {""year"": 2026, ""num"": 63}, {""year"": 2026, ""num"": 62}, {""year"": 2026, ""num"": 61}, {""year"": 2026, ""num"": 60}, {""year"": 2026, ""num"": 59}, {""year"": 2026, ""num"": 58}, {""year"": 2026, ""num"": 57}, {""year"": 2026, ""num"": 55}, {""year"": 2026, ""num"": 53}, {""year"": 2026, ""num"": 52}, {""year"": 2026, ""num"": 51}, {""year"": 2025, ""num"": 72}, {""year"": 2025, ""num"": 70}, {""year"": 2025, ""num"": 65}, {""year"": 2025, ""num"": 62}, {""year"": 2025, ""num"": 59}, {""year"": 2025, ""num"": 58}, {""year"": 2025, ""num"": 57}, {""year"": 2025, ""num"": 53}, {""year"": 2025, ""num"": 52}, {""year"": 2024, ""num"": 70}, {""year"": 2024, ""num"": 69}, {""year"": 2024, ""num"": 68}, {""year"": 2024, ""num"": 65}, {""year"": 2024, ""num"": 63}, {""year"": 2024, ""num"": 61}, {""year"": 2024, ""num"": 60}, {""year"": 2024, ""num"": 55}, {""year"": 2024, ""num"": 53}, {""year"": 2023, ""num"": 70}, {""year"": 2023, ""num"": 66}, {""year"": 2023, ""num"": 65}, {""year"": 2023, ""num"": 63}, {""year"": 2023, ""num"": 62}, {""year"": 2023, ""num"": 60}, {""year"": 2023, ""num"": 59}, {""year"": 2023, ""num"": 57}, {""year"": 2022, ""num"": 68}, {""year"": 2022, ""num"": 66}, {""year"": 2022, ""num"": 64}, {""year"": 2022, ""num"": 61}, {""year"": 2022, ""num"": 60}, {""year"": 2022, ""num"": 58}, {""year"": 2022, ""num"": 57}, {""year"": 2022, ""num"": 53}, {""year"": 2021, ""num"": 67}, {""year"": 2021, ""num"": 65}, {""year"": 2021, ""num"": 64}, {""year"": 2021, ""num"": 63}, {""year"": 2021, ""num"": 60}, {""year"": 2021, ""num"": 59}, {""year"": 2021, ""num"": 56}, {""year"": 2021, ""num"": 55}, {""year"": 2021, ""num"": 54}, {""year"": 2020, ""num"": 75}, {""year"": 2020, ""num"": 71}, {""year"": 2020, ""num"": 63}, {""year"": 2020, ""num"": 62}, {""year"": 2020, ""num"": 61}, {""year"": 2020, ""num"": 60}, {""year"": 2020, ""num"": 59}, {""year"": 2020, ""num"": 57}, {""year"": 2020, ""num"": 56}, {""year"": 2020, ""num"": 55}, {""year"": 2020, ""num"": 52}, {""year"": 2020, ""num"": 51}, {""year"": 2019, ""num"": 75}, {""year"": 2019, ""num"": 74}, {""year"": 2019, ""num"": 68}, {""year"": 2019, ""num"": 57}, {""year"": 2019, ""num"": 55}, {""year"": 2019, ""num"": 53}, {""year"": 2019, ""num"": 51}, {""year"": 2018, ""num"": 73}, {""year"": 2018, ""num"": 70}, {""year"": 2018, ""num"": 69}, {""year"": 2018, ""num"": 68}, {""year"": 2018, ""num"": 67}, {""year"": 2018, ""num"": 66}, {""year"": 2018, ""num"": 65}, {""year"": 2018, ""num"": 64}, {""year"": 2018, ""num"": 63}, {""year"": 2018, ""num"": 62}, {""year"": 2018, ""num"": 59}, {""year"": 2018, ""num"": 58}, {""year"": 2018, ""num"": 56}, {""year"": 2017, ""num"": 73}, {""year"": 2017, ""num"": 72}, {""year"": 2017, ""num"": 69}, {""year"": 2017, ""num"": 68}, {""year"": 2017, ""num"": 67}, {""year"": 2017, ""num"": 66}, {""year"": 2017, ""num"": 64}, {""year"": 2017, ""num"": 63}, {""year"": 2017, ""num"": 62}, {""year"": 2017, ""num"": 61}, {""year"": 2017, ""num"": 60}, {""year"": 2017, ""num"": 59}, {""year"": 2017, ""num"": 58}, {""year"": 2017, ""num"": 57}, {""year"": 2017, ""num"": 56}, {""year"": 2017, ""num"": 55}, {""year"": 2017, ""num"": 54}, {""year"": 2017, ""num"": 51}, {""year"": 2016, ""num"": 71}, {""year"": 2016, ""num"": 69}, {""year"": 2016, ""num"": 68}, {""year"": 2016, ""num"": 63}, {""year"": 2016, ""num"": 62}, {""year"": 2016, ""num"": 61}, {""year"": 2016, ""num"": 60}, {""year"": 2016, ""num"": 59}, {""year"": 2016, ""num"": 58}, {""year"": 2016, ""num"": 57}, {""year"": 2015, ""num"": 74}, {""year"": 2015, ""num"": 73}, {""year"": 2015, ""num"": 69}, {""year"": 2015, ""num"": 68}, {""year"": 2015, ""num"": 66}, {""year"": 2015, ""num"": 65}, {""year"": 2015, ""num"": 59}, {""year"": 2015, ""num"": 58}, {""year"": 2015, ""num"": 53}]"
20,DB,official,"3-a. DB성능(인덱스, 튜닝), 트랜잭션, 동시성 제어",3. DBMS 기술,67,"인덱스(B-Tree) 구조, 조인 방식, 트랜잭션 ACID 특성 및 2PL/MVCC 동시성 제어","B+Tree 특징, 중첩루프/해시/소트머지 조인 비교, 격리수행 수준(Isolation Level) 및 동시성 2PL 규약이 핵심입니다.",DBMS 기술 -> 성능 및 트랜잭션 통제,"74. 다음은 MapReduce 방식으로 어떤 기능을 구현하는 
방법을 설명한 것이다. 이 설명에 해당하는 기능은?
- Map 함수는 각 문서를 파싱하여 (단어, 문서번
호) 쌍의 시퀀스를 출력한다. 
- Reduce 함수는 주어진 단어에 대한 모든 쌍을 
받아들여 문서번호에 의해 정렬하고 (단어, 리스
트(문서번호)) 쌍을 출력한다.
  ① 분산 grep (distributed grep) 
  ② 웹-링크 그래프 (Web-Link graph) 
  ③ 단어 빈도수 (word count) 
  ④ 역 인덱스 (inverted index)",2026,74,7,"[2015, 2016, 2017, 2018, 2019, 2020, 2021, 2022, 2023, 2024, 2025, 2026]","[{""year"": 2026, ""num"": 74}, {""year"": 2026, ""num"": 73}, {""year"": 2026, ""num"": 69}, {""year"": 2026, ""num"": 68}, {""year"": 2026, ""num"": 66}, {""year"": 2026, ""num"": 65}, {""year"": 2026, ""num"": 62}, {""year"": 2025, ""num"": 73}, {""year"": 2025, ""num"": 70}, {""year"": 2025, ""num"": 66}, {""year"": 2024, ""num"": 74}, {""year"": 2024, ""num"": 59}, {""year"": 2024, ""num"": 54}, {""year"": 2024, ""num"": 53}, {""year"": 2023, ""num"": 74}, {""year"": 2023, ""num"": 73}, {""year"": 2023, ""num"": 72}, {""year"": 2023, ""num"": 71}, {""year"": 2023, ""num"": 68}, {""year"": 2023, ""num"": 67}, {""year"": 2023, ""num"": 66}, {""year"": 2023, ""num"": 64}, {""year"": 2022, ""num"": 75}, {""year"": 2022, ""num"": 66}, {""year"": 2022, ""num"": 63}, {""year"": 2021, ""num"": 71}, {""year"": 2021, ""num"": 70}, {""year"": 2021, ""num"": 64}, {""year"": 2021, ""num"": 62}, {""year"": 2021, ""num"": 56}, {""year"": 2020, ""num"": 72}, {""year"": 2020, ""num"": 64}, {""year"": 2020, ""num"": 59}, {""year"": 2020, ""num"": 53}, {""year"": 2019, ""num"": 75}, {""year"": 2019, ""num"": 74}, {""year"": 2019, ""num"": 71}, {""year"": 2019, ""num"": 69}, {""year"": 2019, ""num"": 62}, {""year"": 2019, ""num"": 59}, {""year"": 2019, ""num"": 55}, {""year"": 2018, ""num"": 75}, {""year"": 2018, ""num"": 73}, {""year"": 2018, ""num"": 71}, {""year"": 2018, ""num"": 68}, {""year"": 2018, ""num"": 67}, {""year"": 2018, ""num"": 65}, {""year"": 2018, ""num"": 51}, {""year"": 2017, ""num"": 72}, {""year"": 2017, ""num"": 70}, {""year"": 2017, ""num"": 68}, {""year"": 2017, ""num"": 64}, {""year"": 2017, ""num"": 63}, {""year"": 2017, ""num"": 62}, {""year"": 2017, ""num"": 61}, {""year"": 2016, ""num"": 71}, {""year"": 2016, ""num"": 69}, {""year"": 2016, ""num"": 55}, {""year"": 2016, ""num"": 54}, {""year"": 2016, ""num"": 52}, {""year"": 2015, ""num"": 73}, {""year"": 2015, ""num"": 72}, {""year"": 2015, ""num"": 66}, {""year"": 2015, ""num"": 59}, {""year"": 2015, ""num"": 55}, {""year"": 2015, ""num"": 54}, {""year"": 2015, ""num"": 53}]"
21,DB,official,"3-b. 데이터 백업 및 복구, 데이터 마이그레이션",3. DBMS 기술,9,REDO/UNDO 복구 로직 및 데이터 이관 기법,로그 기반 지연/즉시 갱신 회복 메커니즘과 검사점(Checkpoint) 기반 복구 범위 판단 문제가 출제됩니다.,DBMS 기술 -> 백업 및 회복,"74. WAL(Write-Ahead Logging) 기법은 두 가지 로그 
엔트리를 사용한다. 먼저 항목의 AFIM(After 
Image)을 기록하는데 이는 트랜잭션의 (가)에 대
비하기 위함이며, 항목의 BFIM(Before Image)을 
기록하는데 이는 트랜잭션의 (나)에 대비하기 위
함이다. 이때, (가)와 (나)에 들어갈 용어로 가장 
올바른 것은?
  ① (가) VOLATILE
(나) PERSISTENT
  ② (가) PERSISTENT
(나) VOLATILE
  ③ (가) REDO
(나) UNDO
  ④ (가) UNDO
(나) REDO",2024,74,8,"[2015, 2017, 2019, 2020, 2021, 2022, 2023, 2024]","[{""year"": 2024, ""num"": 74}, {""year"": 2023, ""num"": 69}, {""year"": 2022, ""num"": 66}, {""year"": 2022, ""num"": 63}, {""year"": 2021, ""num"": 71}, {""year"": 2020, ""num"": 53}, {""year"": 2019, ""num"": 74}, {""year"": 2017, ""num"": 63}, {""year"": 2015, ""num"": 72}]"
22,DB,official,"3-c. 저장장치, 메모리 DB",3. DBMS 기술,6,물리적 저장구조 및 메인메모리 DBMS 구조,물리 디스크 I/O 최적화 기법과 메모리 디바이스 활용 DB의 백업 덤프 주기 특성을 물어봅니다.,DBMS 기술 -> 물리 저장장치,"66. 다음은 관계 데이터베이스의 조인 수행 원리에 대한 
설명이다. <보기> 중 옳은 것을 모두 고른 것은?
<보기>
가. Sort-Merge Join은 선행 테이블(driving table)의 
조건을 만족하는 행별로 후행 테이블을 반복 탐색
하며, 후행 테이블의 조인 컬럼에 인덱스가 구성
되어 있지 않을 경우 Table Full Scan이 반복 발생
하여 성능이 저하된다.
나. Nested Loop Join은 조인 컬럼에 적절한 인덱스가 
없거나 조인 조건이 부등호(>, <)인 경우에도 사용
할 수 있으며, 양쪽 테이블이 조인 컬럼 순으로 
이미 정렬되어 있다면 정렬 단계를 생략할 수 
있다.
다. Hash Join은 동등 조인(equi-join)에만 사용 가능
하며, 대량의 데이터를 처리할 때 일반적으로 
Nested Loop Join이나 Sort-Merge Join보다 효율
적이다.
라. Hash Join은 조인을 위해 해쉬테이블을 메모리에 
생성하여야 하며, 생성된 해쉬테이블의 크기가 
메모리에 적재할 수 있는 크기보다 더 커지면 
임시영역(디스크)에 해쉬테이블의 일부를 저장한다.
  ① (가), (나)
② (다), (라)
  ③ (가), (다)
④ (나), (다), (라)
- 15 -",2026,66,9,"[2015, 2020, 2022, 2024, 2026]","[{""year"": 2026, ""num"": 66}, {""year"": 2026, ""num"": 63}, {""year"": 2024, ""num"": 59}, {""year"": 2022, ""num"": 63}, {""year"": 2020, ""num"": 53}, {""year"": 2015, ""num"": 54}]"
23,DB,official,3-d. 데이터베이스 보안,3. DBMS 기술,6,"접근제어 기법(DAC, MAC, RBAC) 및 뷰를 이용한 보안 설정",강제(MAC)와 임의(DAC) 접근제어 모델 차이 및 암호화 수준의 점검 조건을 묻습니다.,DBMS 기술 -> 데이터베이스 보안,"70. 다음은 데이터베이스 보안을 위한 접근제어
(access control) 모델 및 정책에 대한 설명이다. 
<보기> 중 옳은 것을 모두 고른 것은?
<보기>
가. 강제적 접근제어(MAC) 기반의 레이블 보안
(label-based security)은 객체의 보안 등급과 
사용자의 허가 등급을 비교하여 통제하며, 관
리자나 소유자가 임의로 접근 권한을 변경할 
수 없는 중앙 집중적 정책을 따른다.
나. 역할기반 접근제어(RBAC)는 권한을 개별 사용
자에게 직접 할당하지 않고 객체 소유자가 자
신의 판단에 따라 다른 사용자에게 자유롭게 
권한을 위임(grant)하는 것을 원칙으로 한다.
다. 행 수준 보안(row level security, RLS)은 
WHERE 절 등 특정 조건에 따라 사용자별로 
조회 가능한 레코드를 제한하는 미세 단위 접
근제어(FGAC) 기법으로, 더 미세한 크기의 데
이터 보안을 제공한다.
라. 임의적 접근제어(DAC)는 데이터 객체의 소유자가 
접근 통제권한을 가지며, SQL의 GRANT와 
REVOKE 문을 통해 구현된다. 이는 사용자 신
분(identity)에 기반하여 유연한 권한 관리가 가
능하다는 장점이 있다.
  ① (가), (나)
② (다), (라)
  ③ (가), (다), (라)
④ (나), (다), (라)",2026,70,10,"[2016, 2018, 2019, 2022, 2026]","[{""year"": 2026, ""num"": 70}, {""year"": 2022, ""num"": 65}, {""year"": 2019, ""num"": 53}, {""year"": 2019, ""num"": 52}, {""year"": 2018, ""num"": 62}, {""year"": 2016, ""num"": 53}]"
24,DB,official,4-a. 웹기반 정보시스템,4. DB응용,1,3계층 아키텍처 상의 애플리케이션 서버와 DBMS 결합 및 연동 규격,웹 환경 정보시스템 감리 시의 DB 연동 기술 아키텍처 관련 항목을 다룹니다.,DB응용 -> 웹 연동 아키텍처,"56. 다음은 데이터베이스 시스템의 3-층 구조(3-tier 
architecture)에 대한 설명이다. ㉮와 ㉯에 들어갈 
용어로 가장 적합한 것은? 
3-층 구조는 2-층 구조(2-tier architecture)를 
구성하는 클라이언트와 데이터베이스 서버 사
이에 중간 단계를 하나 더 추가한 것이다. 중간 
단계는 일반적으로 ( ㉮ )라 부르며 ( ㉯ )
을 처리한다. 
㉮
㉯
응용 (프로그램) 서버
함수형 프로그램
①
응용 (프로그램) 서버
비즈니스 로직
②
클라우드 (프로그램) 서버
함수형 프로그램
③
클라우드 (프로그램) 서버
비즈니스 로직
④",2015,56,11,[2015],"[{""year"": 2015, ""num"": 56}]"
25,DB,official,"4-b. 정보검색, 검색엔진",4. DB응용,9,"역색인 구조 검색 메커니즘 및 성능 평가(Precision, Recall)",정밀도(Precision)와 재현율(Recall) 상반관계 계산 및 색인 구조 특성을 다룹니다.,DB응용 -> 정보 검색 기술,"66. 정보검색(information retrieval)을 위한 텍스트 전
처리 과정 중 스테밍(stemming) 단계의 결과로 옳
은 것은?
  ① 중요한 개념들의 리스트와 각 개념을 기술하는 
주요 단어들로 구성된다.  
  ② 매우 자주 사용되는 단어들이나 문장 의미에는 
거의 기여하지 못한다. 
  ③ 원래 단어의 접두사나 접미사를 잘라낸 후에 얻
는 단어이다. 
  ④ 문서 컬렉션에서 80% 이상 등장하는 단어들이다. 
- 13 -",2024,66,12,"[2015, 2016, 2018, 2020, 2021, 2022, 2024]","[{""year"": 2024, ""num"": 66}, {""year"": 2022, ""num"": 74}, {""year"": 2022, ""num"": 71}, {""year"": 2021, ""num"": 56}, {""year"": 2020, ""num"": 70}, {""year"": 2018, ""num"": 70}, {""year"": 2016, ""num"": 72}, {""year"": 2015, ""num"": 67}, {""year"": 2015, ""num"": 60}]"
26,DB,official,"4-c. 멀티미디어, GIS 등",4. DB응용,3,공간 정보 검색용 색인 및 대용량 멀티미디어 컬럼 저장 기술,R-Tree 색인의 구조적 분할 및 공간 쿼리 점검 포인트가 종종 출제됩니다.,DB응용 -> 공간/멀티미디어 기술,"73. 멀티미디어 데이터에 대한 다양한 유형의 검색 
질의를 처리하기 위한 기법 중 “수학 함수로 
저장된 데이터와 질의 조건으로 주어진 데이터 
간의 유사도를 수학 함수로 계산하여 유사도가 
높은 데이터를 검색한다.”는 어떤 기법을 설명
한 것인가?
  ① 랭킹 기법(ranking technique)
  ② 인덱스 기법(index technique)
  ③ 매칭 기법(matching technique)
  ④ 필터링 기법(filtering technique)",2023,73,13,"[2017, 2020, 2023]","[{""year"": 2023, ""num"": 73}, {""year"": 2020, ""num"": 74}, {""year"": 2017, ""num"": 62}]"
27,DB,official,"4-d. 분산 DBMS, 모바일 DBMS",4. DB응용,4,4대 투명성 준수 및 2단계 커밋(2PC) 분산 트랜잭션 동기화,위치/중복/장애/단편화 투명성 구분과 2PC 프로토콜의 코디네이터 동작 단계를 다룹니다.,DB응용 -> 분산 아키텍처,"71. 분산 데이터베이스 시스템에서 분산 투명성에 대
한 설명으로 적절하지 않은 것은?
  ① 데이터의 실제 저장 위치를 알 필요 없이 데이
터베이스의 논리적 이름만으로 데이터에 접근할 
수 있는 위치 투명성(location transparency)을 
보장해야 한다. 
  ② 분산 데이터베이스와 관련된 트랜잭션들이 동시
에 수행되더라도 항상 일관성을 유지하는 장애 
투명성(failure transparency)을 보장해야 한다. 
  ③ 동일한 데이터가 여러 지역에 중복해서 저장되
는 경우 사용자가 중복을 인식하지 못하게 하는 
중복 투명성(replication transparency)을 보장
해야 한다. 
  ④ 하나의 릴레이션을 더 작은 조각(단편)으로 나누
고 각 조각을 별개의 릴레이션으로 처리할 때 완
전성, 회복성, 분리성을 보장하는 단편화 투명성
(fragmentation transparency)을 보장해야 한다.",2023,71,14,"[2017, 2020, 2022, 2023]","[{""year"": 2023, ""num"": 71}, {""year"": 2022, ""num"": 75}, {""year"": 2020, ""num"": 75}, {""year"": 2017, ""num"": 73}]"
28,DB,official,"4-e. OPEN API, 공공데이터",4. DB응용,2,개방 데이터 플랫폼 구성 및 연동 표준 규격,REST API 기반 연동 지침과 공공 데이터 수집 기준을 점검합니다.,DB응용 -> 공공데이터 API,"64. 대한민국 공공데이터포털(https://www.data.go.kr)은 
국가에서 운영하는 데이터 포털로써 정보 관련 
개발자들에게 유용하게 활용된다. 이에 대한 설
명으로 가장 적절하지 않은 것은?
  ①「공공데이터의 제공 및 이용 활성화에 관한 법률」 
제21조(공공데이터포털의 운영)에 의거한다.
  ② 공공데이터와 관련된 개발자 간의 지식과 기술 
공유를 위해 개발자 네트워크를 제공한다.
  ③ 국민이 쉽고 편리하게 데이터를 이용할 수 있
도록 파일데이터, 오픈API, 시각화 등 다양한 
방식으로 정보를 제공한다.
  ④ 공공데이터 포털에서 제공하는 공공데이터는 
공공데이터법에 따라 누구나 이용가능하지만, 
영리 목적의 이용은 허용되지 않는다.",2019,64,15,"[2016, 2019]","[{""year"": 2019, ""num"": 64}, {""year"": 2016, ""num"": 70}]"
29,DB,official,"5-a. 빅데이터 관련 기술(저장, 처리, 분석, 시각화)",5. 빅데이터 및 AI데티어,8,하둡 분산 파일시스템(HDFS) 구조 및 MapReduce 병렬 처리 프레임워크,"마스터-네임노드, 데이터노드 장애 극복 메커니즘과 스파크 인메모리 처리 장점을 대조합니다.",빅데이터 및 AI데이터 -> 빅데이터 저장/처리,"74. 다음은 MapReduce 방식으로 어떤 기능을 구현하는 
방법을 설명한 것이다. 이 설명에 해당하는 기능은?
- Map 함수는 각 문서를 파싱하여 (단어, 문서번
호) 쌍의 시퀀스를 출력한다. 
- Reduce 함수는 주어진 단어에 대한 모든 쌍을 
받아들여 문서번호에 의해 정렬하고 (단어, 리스
트(문서번호)) 쌍을 출력한다.
  ① 분산 grep (distributed grep) 
  ② 웹-링크 그래프 (Web-Link graph) 
  ③ 단어 빈도수 (word count) 
  ④ 역 인덱스 (inverted index)",2026,74,16,"[2015, 2016, 2022, 2023, 2024, 2025, 2026]","[{""year"": 2026, ""num"": 74}, {""year"": 2025, ""num"": 67}, {""year"": 2024, ""num"": 72}, {""year"": 2024, ""num"": 51}, {""year"": 2023, ""num"": 69}, {""year"": 2022, ""num"": 72}, {""year"": 2016, ""num"": 51}, {""year"": 2015, ""num"": 64}]"
30,DB,official,5-b. NoSQL,5. 빅데이터 및 AI데티어,12,비정형 데이터 분산을 위한 CAP 이론 및 스키마리스 Key-Value/Document/Graph 저장소,"CAP 정리에 의한 고가용성과 일관성 트레이드오프 분석 및 Cassandra, MongoDB 등의 특징 매핑을 질문합니다.",빅데이터 및 AI데이터 -> NoSQL 아키텍처,"73. CAP 정리는 모든 분산 데이터 저장소가 네트워크 
분할 또는 장애발생시 일관성(Consistency), 가용성
(Availability), 분할 감내(Partition Tolerance) 등 세 개의 
특성 중 두 개만 동시에 보장할 수 있다는 것이다. 
네트워크가 두 개의 파티션으로 분할된 후 각 파티션에 
한 개씩의 노드가 있다고 가정할 때, 다음 설명에 
들어가는 ㉠, ㉡의 내용으로 옳은 것은?
- ㉠을 보장하려면 네트워크가 분할된 후에도 시스
템이 예상대로 계속 작동해야 하므로 각 파티션에 
속한 두 노드는 서로 다른 값을 읽을 수 있게 된
다. 
- ㉡을 보장하려면 두 개의 파티션 중에서 한 파티
션은 사용할 수 없는 것처럼 작동해야 한다.
㉠
㉡
① 
가용성 + 분할감내
일관성 + 분할감내
②
가용성 + 분할감내
일관성 + 가용성
③
일관성 + 가용성
일관성 + 분할감내
④
일관성 + 가용성
가용성 + 분할감내",2026,73,17,"[2015, 2017, 2020, 2021, 2022, 2023, 2024, 2025, 2026]","[{""year"": 2026, ""num"": 73}, {""year"": 2025, ""num"": 75}, {""year"": 2025, ""num"": 73}, {""year"": 2024, ""num"": 51}, {""year"": 2023, ""num"": 74}, {""year"": 2023, ""num"": 72}, {""year"": 2022, ""num"": 72}, {""year"": 2021, ""num"": 62}, {""year"": 2020, ""num"": 67}, {""year"": 2020, ""num"": 64}, {""year"": 2017, ""num"": 72}, {""year"": 2015, ""num"": 64}]"
31,DB,official,"5-c. 데이터마이닝, DW",5. 빅데이터 및 AI데티어,10,OLAP 다차원 분석 큐브 연산 및 대용량 데이터 유용 관계 추출 마이닝 기법,"스타/스노우플레이크 구조 차이, OLAP의 Drill-down/Roll-up 기법 정의 및 연관 규칙 지지도/신뢰도 계산이 출제됩니다.",빅데이터 및 AI데이터 -> DW 및 마이닝,"72. 데이터 마이닝을 통해 획득 가능한 정보의 유형으로 
연관성, 순차, 분류, 군집, 예보 등을 들 수 있다. 
다음 보기의 예시 중 군집(cluster)에 해당하는 
것은?
  ① 집을 구매한 사람들을 살펴보니 65%가 2주 이내에 
새로운 냉장고를 구매하였다.
  ② 슈퍼마켓 구매 패턴을 연구한 결과, 콘칩을 구매한 
고객의 65%가 콜라도 같이 구매한 것으로 나타
났다.
  ③ 신용카드 회사에서는 고객 이탈을 우려하여, 관
리자에게 이탈 가능성이 높은 고객을 찾을 수 
있는 모델을 제시해 준다.
  ④ 은행 카드 사용자로부터 유사 그룹들을 찾는다거
나, 하나의 데이터베이스를 고객의 인구통계학적 
정보와 개인 투자 유형을 기반으로 나누었다.",2026,72,18,"[2015, 2017, 2019, 2020, 2021, 2026]","[{""year"": 2026, ""num"": 72}, {""year"": 2026, ""num"": 65}, {""year"": 2021, ""num"": 75}, {""year"": 2020, ""num"": 66}, {""year"": 2019, ""num"": 70}, {""year"": 2017, ""num"": 71}, {""year"": 2017, ""num"": 67}, {""year"": 2017, ""num"": 65}, {""year"": 2015, ""num"": 63}, {""year"": 2015, ""num"": 61}]"
32,DB,official,5-d. AI학습데이터 구축,5. 빅데이터 및 AI데티어,0,AI 모델 학습용 대용량 원시 데이터 가공 및 품질 점검 준칙,NIA 인공지능 학습데이터 가이드 상의 품질 요건 및 어노테이션 유형 구별이 신규 빈출 주제입니다.,빅데이터 및 AI데이터 -> AI 학습데이터,,,,19,[],[]
33,DB,official,[기타],기타,51,기출문제 중 가이드라인 세부 중단원에 포함되지 않는 복합/기타 문항들입니다.,기타 분류 문제를 검토하여 변형 기출을 대비하세요.,기타 영역,"75. 다음과 같은 ER 스키마를 관계 모델의 릴레이션
으로 사상할 때 가장 적절한 것은?
E1E2
PK1
A1
K
A2
  ① 
E1
E2
PK1
A1
K
A2
  ② 
E1
E2
PK1
A1
PK1
K
A2
  ③ 
E1
R
E2
PK1
A1
PK1
K
K
A2
  ④ 
- 17 -
시스템 구조",2026,75,20,"[2015, 2016, 2017, 2018, 2019, 2020, 2021, 2022, 2023, 2024, 2025, 2026]","[{""year"": 2026, ""num"": 75}, {""year"": 2026, ""num"": 71}, {""year"": 2026, ""num"": 54}, {""year"": 2025, ""num"": 74}, {""year"": 2025, ""num"": 71}, {""year"": 2025, ""num"": 69}, {""year"": 2025, ""num"": 68}, {""year"": 2025, ""num"": 64}, {""year"": 2025, ""num"": 63}, {""year"": 2025, ""num"": 55}, {""year"": 2024, ""num"": 75}, {""year"": 2024, ""num"": 73}, {""year"": 2024, ""num"": 71}, {""year"": 2024, ""num"": 64}, {""year"": 2024, ""num"": 62}, {""year"": 2023, ""num"": 75}, {""year"": 2023, ""num"": 56}, {""year"": 2023, ""num"": 54}, {""year"": 2023, ""num"": 52}, {""year"": 2023, ""num"": 51}, {""year"": 2022, ""num"": 73}, {""year"": 2022, ""num"": 70}, {""year"": 2022, ""num"": 69}, {""year"": 2022, ""num"": 67}, {""year"": 2022, ""num"": 62}, {""year"": 2021, ""num"": 73}, {""year"": 2021, ""num"": 69}, {""year"": 2021, ""num"": 68}, {""year"": 2021, ""num"": 66}, {""year"": 2021, ""num"": 58}, {""year"": 2021, ""num"": 52}, {""year"": 2021, ""num"": 51}, {""year"": 2020, ""num"": 69}, {""year"": 2020, ""num"": 68}, {""year"": 2020, ""num"": 54}, {""year"": 2019, ""num"": 73}, {""year"": 2019, ""num"": 72}, {""year"": 2019, ""num"": 67}, {""year"": 2019, ""num"": 63}, {""year"": 2019, ""num"": 61}, {""year"": 2019, ""num"": 56}, {""year"": 2019, ""num"": 54}, {""year"": 2018, ""num"": 72}, {""year"": 2018, ""num"": 61}, {""year"": 2018, ""num"": 55}, {""year"": 2017, ""num"": 75}, {""year"": 2017, ""num"": 74}, {""year"": 2017, ""num"": 52}, {""year"": 2016, ""num"": 73}, {""year"": 2016, ""num"": 65}, {""year"": 2015, ""num"": 62}]"
34,PM,frequent,정보시스템 감리기준 & 감리 수행 규격,감리 법제도/기술,58,"감리수행 계획, 영역(대비/유형별), 감리원의 자격 조건 및 윤리 기준","감리 수행 시 적용되는 상시/정기 감리 절차, 감리 계획서 제출 기한(계약 후 15일 이내 등), 의견 진술서 처리 절차 및 감리원 배치 기준이 핵심 출제 범위입니다.",감리 법제도/기술 -> 정보시스템 감리기준,"7. 다음 중 「정보시스템 감리 수행가이드(한국지능정보
사회진흥원)」에서 정한 종료단계 감리의 감리원 활
동으로 가장 적절하지 않은 것은?
  ① 사업자의 과업 대비표 실증 점검
  ② 전수조사 및 표본추출 대상 선정
  ③ 검사항목별 완료여부 확인 및 적부판정
  ④ 점검항목별 설계산출물의 충실도 점검",2026,7,,"[2015, 2016, 2017, 2018, 2019, 2020, 2021, 2022, 2023, 2024, 2025, 2026]","[{""year"": 2026, ""num"": 7}, {""year"": 2026, ""num"": 6}, {""year"": 2026, ""num"": 5}, {""year"": 2025, ""num"": 19}, {""year"": 2025, ""num"": 18}, {""year"": 2025, ""num"": 15}, {""year"": 2025, ""num"": 13}, {""year"": 2024, ""num"": 14}, {""year"": 2024, ""num"": 13}, {""year"": 2024, ""num"": 8}, {""year"": 2024, ""num"": 7}, {""year"": 2024, ""num"": 3}, {""year"": 2023, ""num"": 20}, {""year"": 2023, ""num"": 19}, {""year"": 2023, ""num"": 14}, {""year"": 2022, ""num"": 25}, {""year"": 2022, ""num"": 23}, {""year"": 2022, ""num"": 22}, {""year"": 2022, ""num"": 21}, {""year"": 2022, ""num"": 17}, {""year"": 2022, ""num"": 16}, {""year"": 2022, ""num"": 13}, {""year"": 2022, ""num"": 12}, {""year"": 2022, ""num"": 11}, {""year"": 2021, ""num"": 25}, {""year"": 2021, ""num"": 24}, {""year"": 2021, ""num"": 18}, {""year"": 2021, ""num"": 17}, {""year"": 2021, ""num"": 14}, {""year"": 2021, ""num"": 13}, {""year"": 2020, ""num"": 12}, {""year"": 2020, ""num"": 8}, {""year"": 2020, ""num"": 2}, {""year"": 2020, ""num"": 1}, {""year"": 2019, ""num"": 19}, {""year"": 2019, ""num"": 16}, {""year"": 2019, ""num"": 15}, {""year"": 2018, ""num"": 25}, {""year"": 2018, ""num"": 24}, {""year"": 2018, ""num"": 23}, {""year"": 2018, ""num"": 22}, {""year"": 2018, ""num"": 21}, {""year"": 2018, ""num"": 18}, {""year"": 2018, ""num"": 17}, {""year"": 2017, ""num"": 22}, {""year"": 2017, ""num"": 16}, {""year"": 2017, ""num"": 14}, {""year"": 2016, ""num"": 21}, {""year"": 2016, ""num"": 19}, {""year"": 2016, ""num"": 18}, {""year"": 2016, ""num"": 16}, {""year"": 2016, ""num"": 15}, {""year"": 2016, ""num"": 14}, {""year"": 2016, ""num"": 13}, {""year"": 2016, ""num"": 12}, {""year"": 2015, ""num"": 23}, {""year"": 2015, ""num"": 14}, {""year"": 2015, ""num"": 13}]"
35,PM,frequent,전자정부법 및 의무감리 제도,감리 법제도/기술,39,행정기관 등의 정보화 추진 및 국가 의무감리 대상 사업 기준 규격,"전자정부사업 중 감리를 의무적으로 받아야 하는 대상 기준(사업비 5억 원 이상인 소프트웨어 개발 사업, 2억 원 이상 데이터베이스 구축 등)의 상세 조건을 묻습니다.",감리 법제도/기술 -> 전자정부법 및 감리제도,"6. 다음 중 「정보시스템 감리기준(행정안전부 고시)」에 
제시된 감리 실시 시기 및 인력 배치에 대한 내용
으로 가장 적절하지 않은 것은?
  ① 2단계 감리를 하는 경우, 발주자가 요구사항
정의서의 과업내용 반영여부 등을 직접 점검
하여야 한다.
  ② 상주감리를 추가로 하는 경우, 요구정의단계 
감리는 생략하고, 상주감리원은 요구사항정의서의 
과업내용 반영여부 등을 직접 점검하여야 한다.
  ③ 전체 감리인력의 50퍼센트 범위 내에서 인공지능, 
클라우드, 빅데이터, 모바일, 정보보호, 법률 및 
회계 등 다른 분야의 전문가를 배치할 수 있다.
  ④ 상주감리원은 감리대상 사업비 20억원 이상의 
감리에 참여한 경력이 3회 이상인 수석감리원을 
배치할 수 있다.",2026,6,,"[2015, 2016, 2017, 2018, 2019, 2020, 2021, 2022, 2023, 2024, 2025, 2026]","[{""year"": 2026, ""num"": 6}, {""year"": 2025, ""num"": 18}, {""year"": 2025, ""num"": 15}, {""year"": 2025, ""num"": 1}, {""year"": 2024, ""num"": 8}, {""year"": 2024, ""num"": 7}, {""year"": 2023, ""num"": 20}, {""year"": 2023, ""num"": 18}, {""year"": 2023, ""num"": 14}, {""year"": 2022, ""num"": 25}, {""year"": 2022, ""num"": 23}, {""year"": 2022, ""num"": 22}, {""year"": 2022, ""num"": 16}, {""year"": 2022, ""num"": 13}, {""year"": 2021, ""num"": 24}, {""year"": 2021, ""num"": 19}, {""year"": 2021, ""num"": 18}, {""year"": 2021, ""num"": 17}, {""year"": 2021, ""num"": 15}, {""year"": 2021, ""num"": 14}, {""year"": 2020, ""num"": 12}, {""year"": 2020, ""num"": 10}, {""year"": 2020, ""num"": 9}, {""year"": 2020, ""num"": 1}, {""year"": 2019, ""num"": 19}, {""year"": 2019, ""num"": 16}, {""year"": 2019, ""num"": 15}, {""year"": 2019, ""num"": 14}, {""year"": 2018, ""num"": 25}, {""year"": 2018, ""num"": 18}, {""year"": 2018, ""num"": 17}, {""year"": 2017, ""num"": 22}, {""year"": 2017, ""num"": 18}, {""year"": 2017, ""num"": 14}, {""year"": 2016, ""num"": 21}, {""year"": 2016, ""num"": 18}, {""year"": 2016, ""num"": 14}, {""year"": 2016, ""num"": 11}, {""year"": 2015, ""num"": 13}]"
36,PM,frequent,소프트웨어사업 대가산정 가이드,법/제도/지침,14,"SW 개발비, 유지관리비, 재개발비 산정을 위한 정밀 표준 모델","기능점수(FP) 기반 대가 산정 방식의 절차, 보정계수(규모, 애플리케이션 복잡도 등)의 반영법 및 투입공수(Man-Month) 방식 적용 시의 노임단가 적용 기준이 기출됩니다.",법/제도/지침 -> SW 대가산정,"9. 다음 중 「SW사업 대가산정 가이드(한국소프트웨어
산업협회, 2025년 개정판)」에 따른 인공지능(AI) 
도입 사업비(사업 유형이 커스터마이징형일 경우) 
비용항목으로 가장 적절한 것은?
  ① 서비스 이용료 
  ② 서비스 이용료, 커스터마이징 작업비용 
  ③ 서비스 이용료, 구축·개발 비용
  ④ 서비스 이용료, 커스터마이징 작업비용, 
구축·개발 비용",2026,9,,"[2015, 2016, 2017, 2019, 2021, 2022, 2023, 2024, 2025, 2026]","[{""year"": 2026, ""num"": 9}, {""year"": 2025, ""num"": 18}, {""year"": 2025, ""num"": 13}, {""year"": 2025, ""num"": 9}, {""year"": 2024, ""num"": 2}, {""year"": 2023, ""num"": 16}, {""year"": 2022, ""num"": 24}, {""year"": 2022, ""num"": 14}, {""year"": 2021, ""num"": 20}, {""year"": 2019, ""num"": 24}, {""year"": 2019, ""num"": 21}, {""year"": 2017, ""num"": 23}, {""year"": 2016, ""num"": 23}, {""year"": 2015, ""num"": 24}]"
37,PM,frequent,PMBOK 프로젝트 관리 10대 지식 영역,프로젝트 관리,14,프로젝트 시작부터 종료까지 5대 프로세스 그룹(기획/실행/통제 등)과 10대 지식 체계 구성,"프로젝트 헌장(Charter) 작성 승인 주체, 프로젝트 관리 계획서 구성 요소, 그리고 이해관계자 식별 및 기성고 분석과의 통합 관점 연계가 출제됩니다.",프로젝트 관리 -> PMBOK 가이드,"19. 프로젝트관리자는 프로젝트 의사소통의 복잡성에 
대한 지침으로서, 가능한 의사소통 채널 또는 
경로의 수를 고려해야 한다. 어떤 프로젝트에서 
이해관계자의 수가 10명일 경우에 가능한 의사소통
채널의 총 수는 몇 개인가?
  ① 10개
② 45개
  ③ 50개
④ 90개",2024,19,,"[2015, 2016, 2017, 2018, 2020, 2021, 2022, 2023, 2024]","[{""year"": 2024, ""num"": 19}, {""year"": 2023, ""num"": 8}, {""year"": 2022, ""num"": 3}, {""year"": 2021, ""num"": 3}, {""year"": 2020, ""num"": 22}, {""year"": 2020, ""num"": 20}, {""year"": 2020, ""num"": 17}, {""year"": 2018, ""num"": 11}, {""year"": 2018, ""num"": 3}, {""year"": 2018, ""num"": 1}, {""year"": 2017, ""num"": 3}, {""year"": 2016, ""num"": 22}, {""year"": 2015, ""num"": 12}, {""year"": 2015, ""num"": 3}]"
38,PM,frequent,EVM 획득가치 및 기성고 관리 (CPI/SPI/EAC),프로젝트 관리,13,현재 시점까지의 비용 및 일정 성과를 계량화하여 미래 프로젝트 최종 비용을 예측하는 정량적 통제 기법,"PV(계획가치), EV(획득가치), AC(실제원가)를 기준으로 일정차이(SV), 비용차이(CV), 비용수행지수(CPI), 일정수행지수(SPI) 및 완공시점예측(EAC)을 산출하는 연산이 단골 출제됩니다.",프로젝트 관리 -> 원가/일정 관리,"12. 다음 중 현재의 ‘원가성과지수(CPI)가 앞으로도 
계속 적용될 것으로 예상될 때’ 완료시점산정치
(EAC)를 계산하는 방법으로 가장 적절한 것은?
[BAC : 완료시점예산, EV : 획득가치, AC : 실제
원가, CPI : 원가성과지수, SPI :일정성과지수, 
ETC : 잔여분산정치]
  ① EAC = AC + [(BAC - EV)/(CPI x SPI)]
  ② EAC = AC + (BAC - EV)
  ③ EAC = BAC/CPI
  ④ EAC = AC + Bottom-up ETC",2026,12,,"[2015, 2016, 2018, 2019, 2020, 2021, 2022, 2023, 2026]","[{""year"": 2026, ""num"": 12}, {""year"": 2023, ""num"": 6}, {""year"": 2023, ""num"": 1}, {""year"": 2022, ""num"": 4}, {""year"": 2021, ""num"": 7}, {""year"": 2020, ""num"": 19}, {""year"": 2020, ""num"": 13}, {""year"": 2019, ""num"": 3}, {""year"": 2018, ""num"": 9}, {""year"": 2018, ""num"": 2}, {""year"": 2016, ""num"": 5}, {""year"": 2016, ""num"": 1}, {""year"": 2015, ""num"": 2}]"
39,PM,frequent,공공데이터 및 데이터베이스 표준화 지침,법/제도/지침,12,"공공기관이 수집/보유하는 데이터의 개방, 연동 표준화 및 품질 관리 준칙","공공데이터 개방 제외 사유(개인정보 등), 데이터베이스 표준화 적용 영역(메타데이터, 데이터 도메인, 표준 코드 등)의 기술 가이드 준수 여부를 다룹니다.",법/제도/지침 -> 공공데이터 법령/지침,"4. 다음 중 「공공기관의 데이터베이스 표준화 지침
(행정안전부 고시)」에 따라 정보시스템 감리 시 
점검하여야 할 공공데이터베이스 표준화 업무로 
가장 적절하지 않은 것은? 
  ① 데이터 값 검증 방안
  ② 공통표준용어의 제ㆍ개정 관리 방안
  ③ 메타데이터 등록 및 현행화 방안
  ④ 공공데이터베이스 표준화 체계 정비ㆍ개선 및 
관리방안
- 2 -",2026,4,,"[2015, 2016, 2018, 2019, 2020, 2021, 2022, 2023, 2024, 2025, 2026]","[{""year"": 2026, ""num"": 4}, {""year"": 2025, ""num"": 8}, {""year"": 2024, ""num"": 3}, {""year"": 2023, ""num"": 22}, {""year"": 2022, ""num"": 21}, {""year"": 2021, ""num"": 21}, {""year"": 2020, ""num"": 7}, {""year"": 2019, ""num"": 25}, {""year"": 2018, ""num"": 14}, {""year"": 2016, ""num"": 22}, {""year"": 2015, ""num"": 21}, {""year"": 2015, ""num"": 20}]"
40,PM,frequent,CPM 일정 관리 및 주공정(Critical Path) 분석,프로젝트 관리,11,일정 지연을 방지하기 위한 최장 경로 분석 및 여유시간 연산 기법,"네트워크 다이어그램 상에서 가장 긴 경로(주공정)를 식별하고, 각 액티비티의 총 여유(Total Float) 및 자유 여유(Free Float)를 역방향/순방향 계산법으로 도출하는 문제가 매년 출제됩니다.",프로젝트 관리 -> 일정 관리,"22. 다음그림에서활동D의자유여유(Free Float)는
얼마인가?
①0일
②1일
③2일
④3일",2025,22,,"[2015, 2016, 2017, 2018, 2019, 2020, 2021, 2022, 2025]","[{""year"": 2025, ""num"": 22}, {""year"": 2022, ""num"": 9}, {""year"": 2021, ""num"": 1}, {""year"": 2020, ""num"": 25}, {""year"": 2020, ""num"": 24}, {""year"": 2019, ""num"": 8}, {""year"": 2018, ""num"": 13}, {""year"": 2018, ""num"": 2}, {""year"": 2017, ""num"": 25}, {""year"": 2016, ""num"": 6}, {""year"": 2015, ""num"": 22}]"
41,PM,frequent,행정기관 및 공공기관 정보시스템 구축운영 지침,법/제도/지침,9,공공 부문 정보시스템 구축 시 준수해야 하는 기술적/관리적 아키텍처 및 보안 표준,"하드웨어/소프트웨어 기술성 평가 비중 기본값(90:10 등), 기술적용계획표 작성 의무화 및 소프트웨어 분리발주 대상(사업비 3억 이상 등) 예외 사유를 질문합니다.",법/제도/지침 -> 구축운영 지침,"25. 「행정기관 및 공공기관 정보시스템 구축·운영 
지침(2022.4)」에 관한 설명으로 가장 거리가 먼 
것은?
  ① 행정기관 등의 장은 전자적 대민서비스를 구축
할 때, 사용자가 별도의 소프트웨어 설치 없이 
웹 브라우저만으로 서비스를 이용할 수 있도록 
웹 표준기술을 사용하여 구축하여야 한다.
  ② 행정기관 등의 장은 전자적으로 처리할 수 있는 
개인정보파일 및 개인정보처리시스템을 신규 구
축·운용 또는 변경하려고 하는 경우, 개인정보 
영향평가를 정보시스템 분석완료 전에 수행하여
야 한다.
  ③ 하드웨어 및 소프트웨어 구입비를 산출할 때, 조
달품목이 아니고 최근 도입가격 또는 유사한 거
래 실례가격도 없는 경우 3개 이상의 공급업체로
부터 직접 받은 견적가격을 기준으로 적정가격을 
산출한다.
  ④ 총사업비관리대상 사업 중 정보화사업의 총사업
비는 예비타당성조사, ISMP, 구축단계(분석, 설
계, 개발) 중 분석, 설계 단계가 완료될 때마다 
기획재정부와 변경여부를 협의하여야 한다.
- 5 -
소프트웨어 공학",2023,25,,"[2015, 2016, 2017, 2018, 2019, 2020, 2021, 2023]","[{""year"": 2023, ""num"": 25}, {""year"": 2021, ""num"": 23}, {""year"": 2021, ""num"": 22}, {""year"": 2020, ""num"": 6}, {""year"": 2019, ""num"": 20}, {""year"": 2018, ""num"": 22}, {""year"": 2017, ""num"": 17}, {""year"": 2016, ""num"": 21}, {""year"": 2015, ""num"": 16}]"
42,PM,frequent,소프트웨어사업 계약 및 관리감독 지침,법/제도/지침,8,과업내용의 확정 및 적정성 심의를 담당하는 과업심의위원회 규정 및 과업 변경 관리,"과업 변경 및 조정을 위한 적정성 심의 신청 기한(14일 이내 등), 과업심의위원회 구성 요건 및 의결 정족수 등 수치 위주의 세부 규정이 매년 출제됩니다.",법/제도/지침 -> 계약 및 관리감독 지침,"7. 상용소프트웨어를서비스형태로제공받아이용하는
계약을추진하는경우「소프트웨어사업계약및관리
감독에관한지침(2023.05.15.)」에따라제외할수
있는것은다음중몇개인가?
가. 소프트웨어사업영향평가
나. 요구사항상세화
다. 적정사업기간산정
라. 과업심의위원회설치·운영
①1개
②2개
③3개
④4개",2025,7,,"[2017, 2021, 2022, 2023, 2024, 2025]","[{""year"": 2025, ""num"": 7}, {""year"": 2025, ""num"": 6}, {""year"": 2024, ""num"": 5}, {""year"": 2023, ""num"": 23}, {""year"": 2023, ""num"": 17}, {""year"": 2022, ""num"": 20}, {""year"": 2021, ""num"": 20}, {""year"": 2017, ""num"": 21}]"
43,PM,frequent,용역계약 일반조건 및 지체상금,법/제도/지침,8,용역 수행 중의 대가 조정 기준 및 납기 지연에 따른 지체상금 부과 규칙,"지체상금율 계산 공식 및 지연 일수 산정 기준(검수 기간 제외 등), 물가변동이나 설계변경에 따른 계약금액 조정 요건과 절차를 평가합니다.",법/제도/지침 -> 계약 예규,"3. 「(계약예규) 용역계약일반조건(2024.12.24.)」에따른
설명으로가장적절하지않은것은?
①발주기관이작업장소등에관한비용을사업예산
또는
예정가격에
계상하지
아니한
경우에는
발주기관이작업장소등을제공한다.
②과업내용변경에따른계약금액의조정액이당초
계약금액의100분의10이상으로추정될경우에는
위원회를설치하여과업변경심의를하여야한다.
③용역을완성한후인수가완료된때에인력의
투입도종료된다.
④해당계약에따른계약목적물에대한지식재산권
은발주기관과계약상대자가공동으로소유하며,
별도의정함이없는한지분은균등한것으로
한다.",2025,3,,"[2017, 2018, 2020, 2021, 2024, 2025]","[{""year"": 2025, ""num"": 3}, {""year"": 2024, ""num"": 5}, {""year"": 2024, ""num"": 2}, {""year"": 2021, ""num"": 20}, {""year"": 2020, ""num"": 4}, {""year"": 2018, ""num"": 16}, {""year"": 2017, ""num"": 21}, {""year"": 2017, ""num"": 5}]"
44,PM,frequent,동기부여 이론 (매슬로우/허즈버그/맥그리거 등),조직 관리론,8,조직원의 생산성을 극대화하기 위한 인적자원 관리 및 동기 요인 분석,"매슬로우의 5대 욕구 계층설, 허즈버그의 2요인 이론(동기요인과 위생요인의 격리), 맥그리거의 X-Y이론, 아담스의 공정성 이론 등의 개념 비교가 주를 이룹니다.",조직 관리론 -> 인적 자원 관리,"17. 다음 중 프로젝트 인적자원관리에서 ‘프로젝트 팀 
개발(develop project team)’과 관련된 활동에 대한 
설명으로 가장 적절하지 않은 것은?
  ① 프로젝트 팀 개발은 프로젝트 성과를 향상하기 
위해 팀원의 역량 향상, 팀원 간 협력체계 등을 
구축하는 활동이다.
  ② 프로젝트 팀이 높은 성과를 창출하는 강력한 조직
으로 변신하기 위해서 도전적 목표와 기회를 부
여한다.
  ③ 프로젝트에서 경험이나 스킬(skill)이 많은 사람
과 적은 사람을 의도적으로 짝을 지워주는 것을 
스토밍(storming)이라고 한다.
  ④ 프로젝트 관리자는 프로젝트 팀을 구성한 이후 
중간 이탈방지를 위한 팀원 유지활동을 수행
한다.",2026,17,,"[2017, 2018, 2020, 2021, 2023, 2026]","[{""year"": 2026, ""num"": 17}, {""year"": 2023, ""num"": 12}, {""year"": 2021, ""num"": 6}, {""year"": 2020, ""num"": 21}, {""year"": 2018, ""num"": 12}, {""year"": 2018, ""num"": 5}, {""year"": 2018, ""num"": 4}, {""year"": 2017, ""num"": 7}]"
45,PM,frequent,의사소통 관리 및 소통 채널 계산,조직 관리론,8,프로젝트 이해관계자 간 효과적인 정보 공유 및 의사소통 통로 설계,이해관계자가 N명일 때 의사소통 채널 수의 계산 공식 [N * (N - 1) / 2]을 활용한 응용 계산 문제와 보고 관계 정의가 자주 출제됩니다.,조직 관리론 -> 의사소통 관리,"19. 의사소통 당사자의 수가 5명에서 7명으로 2명이 
더 늘었다면 의사소통 채널 수는 현재보다 얼마나 
증가하는가?
  ① 2개 
② 4개
  ③ 11개
④ 15개",2026,19,,"[2015, 2017, 2021, 2022, 2024, 2025, 2026]","[{""year"": 2026, ""num"": 19}, {""year"": 2025, ""num"": 25}, {""year"": 2025, ""num"": 20}, {""year"": 2024, ""num"": 19}, {""year"": 2022, ""num"": 1}, {""year"": 2021, ""num"": 10}, {""year"": 2017, ""num"": 7}, {""year"": 2015, ""num"": 11}]"
46,PM,frequent,조직 구조론 (매트릭스/기능/프로젝트 조직),조직 관리론,7,프로젝트 수행을 위한 임시/영구 조직 구조 설계 및 장단점 비교,"기능형, 매트릭스형(강한/약한/균형), 프로젝트 전담형 조직의 자원 배정 효율성, 프로젝트 관리자의 권한 크기 및 의사소통 경로 복잡도를 주로 비교합니다.",조직 관리론 -> 조직 구조,"6. 프로젝트 조직에 관한 다음 설명 중 옳은 것을 모
두 고른 것은?
가. 중간(균형) 매트릭스 조직(balanced matrix 
organization) 구조에서 프로젝트 관리자는 기능
관리자 아래에 있어 예산 사용에 제약을 받는다.
나. 강한 매트릭스 조직(strong matrix organization)
은 전임 프로젝트 관리자와 프로젝트 행정업
무를 전담하는 직원을 가질 수 있다.
다. 약한 매트릭스 조직(weak matrix organization) 
구조에서는 직원들이 프로젝트업무를 조정하
는 역할을 수행한다.
라. 기능 조직(functional organization)은 기존 
프로젝트의 소규모 변경이나 중요하지 않은 소
규모 프로젝트 수행에 적합한 구조이다.
  ① 가, 나, 다
② 가, 다, 라
  ③ 나, 다, 라
④ 가, 나, 다, 라",2022,6,,"[2015, 2016, 2019, 2020, 2021, 2022]","[{""year"": 2022, ""num"": 6}, {""year"": 2021, ""num"": 5}, {""year"": 2020, ""num"": 14}, {""year"": 2019, ""num"": 12}, {""year"": 2016, ""num"": 10}, {""year"": 2015, ""num"": 9}, {""year"": 2015, ""num"": 1}]"
47,PM,frequent,소프트웨어 진흥법,법/제도/지침,6,"공공 SW사업의 대기업 참여 제한, 중소기업 참여 확대 및 상생협력 규정","대기업 참여 제한 예외 사업 요건(국가안보, 신기술 등)과 대기업 참여 시 상생협력 평가 비중, 하자담보책임기간 조항 등이 단골 출제 대상입니다.",법/제도/지침 -> 소프트웨어 진흥법령,"2. 「소프트웨어진흥법」,「국가계약법시행령」에따른
공공정보화사업발주와관련된설명으로가장
적절하지않은것은?
①상세요구사항을작성하기위하여별도로분석
또는설계사업을분리하여발주할수있다.
②민간의자본과기술을활용하여개발하고사업자가
일정기간수익을얻는방식으로사업을추진할
수있다.
③디지털서비스심사위원회에서사전에선정한디지털
서비스는수의계약을체결할수있다.
④공개SW가사용되는사업에서는직접구매
방식을
적용하고
민간SW
시장
침해여부를
조사해야한다.",2025,2,,"[2021, 2022, 2023, 2025]","[{""year"": 2025, ""num"": 2}, {""year"": 2023, ""num"": 24}, {""year"": 2023, ""num"": 17}, {""year"": 2023, ""num"": 15}, {""year"": 2022, ""num"": 20}, {""year"": 2021, ""num"": 11}]"
48,PM,frequent,국가계약법 및 예규 규칙,법/제도/지침,6,"국가를 당사자로 하는 계약 체결 시의 경쟁 입찰, 수의 계약 기준 및 계약 보증금 조항","입찰 참가 자격 제한 요건, 부정당업자 제재 효력 범위, 입찰보증금 납부 및 국고 귀속 절차에 대한 법적 규칙을 꼼꼼히 물어봅니다.",법/제도/지침 -> 국가계약법령,"24. 「국가를 당사자로 하는 계약에 관한 법률 시행
규칙 (2026.1.2.)」에서 규정한 ‘상용 소프트웨어 
직접구매’ 제외 사유와 거리가 먼 것은?
  ① 기존 정보시스템과 통합이 불가능하거나 현저한 
비용상승이 초래되는 경우
  ② 소프트웨어 제품을 직접 공급하면 해당 사업이 
기간 내에 완성될 수 없을 정도로 현저하게 지
연될 우려가 있는 경우
  ③ 분리발주로 인한 행정업무 증가 외에 직접 구매
하는 것이 현저하게 비효율적이라고 판단되는 
경우
  ④ 운영 및 유지보수에서 확장성 문제가 발생할 우
려가 있는 경우",2026,24,,"[2021, 2023, 2025, 2026]","[{""year"": 2026, ""num"": 24}, {""year"": 2025, ""num"": 9}, {""year"": 2025, ""num"": 2}, {""year"": 2023, ""num"": 24}, {""year"": 2023, ""num"": 15}, {""year"": 2021, ""num"": 16}]"
49,PM,frequent,품질 관리 도구 및 통계적 기법,프로젝트 관리,4,프로젝트 결과물의 품질 보증 및 통제를 위해 활용하는 전통적인 통계 도구,"파레토 차트(80:20 법칙 및 빈도 분석), 원인결과도(Fishbone), 관리도(Control Chart - 공정 이상 유무 판별), 산점도(두 변수 간 상관관계)의 특징과 쓰임새를 물어봅니다.",프로젝트 관리 -> 품질 관리,"25. 다음 중 몬테카를로 시뮬레이션 분석에 대한 설명
으로 가장 적절하지 않은 것은?
  ① 분석을 위한 투입물 값(원가산정치, 기간산정치 
등)은 반복할 때마다 3점 산정법의 평균값으로 
계산한다.
  ② 시뮬레이션의 산출물은 프로젝트 종료날짜나 완료
시점의 프로젝트 원가 등과 같은 프로젝트의 
가능한 결과물 범위를 나타낸다.
  ③ 프로젝트 목표 달성에 미칠 잠재적 영향을 평가
하기 위해 개별 프로젝트 리스크 및 기타 불확
실성 원인의 종합적 영향을 분석할 때 사용할 수 
있다.
  ④ 일반적인 산출물에는 시뮬레이션에서 특정 결과를 
얻은 반복(iteration) 횟수를 나타내는 히스토그램 
또는 특정 결과를 달성할 확률 또는 그 미만을 
나타내는 누적 확률분포(S-곡선)가 포함된다.
- 5 -
소프트웨어 공학",2026,25,,"[2017, 2018, 2019, 2026]","[{""year"": 2026, ""num"": 25}, {""year"": 2019, ""num"": 9}, {""year"": 2018, ""num"": 12}, {""year"": 2017, ""num"": 24}]"
50,PM,frequent,변경 통제 절차 및 CCB 변경통제위원회,프로젝트 관리,3,공식 승인된 베이스라인의 모든 변경 요구를 통합 검토하고 승인 여부를 결정하는 절차,변경 요청서 접수 -> 영향성 평가 -> CCB 검토 및 의결 -> 변경 사항 반영 및 통지 순서의 공식 변경 통제 수명 주기가 핵심 주제입니다.,프로젝트 관리 -> 통합 변경 통제,"3. PMBOK <sup>◯</sup>
한 것 중 가장 적절하지 않은 것은?
  ① 프로젝트 시작에서부터 완료시점까지 수행되는 통합 
변경통제 수행 프로세스의 최종책임자는 프로젝트 
관리자이다. 
  ② 기준선이 설정되기 전에 통합 변경통제 수행 프로세스를 
통해 공식적으로 변경요청을 통제할 필요가 없다.
  ③ 구두요청으로 변경을 접수해서는 안 되며, 변경사항은 
반드시 서면형식으로 기록하여야 한다. 
  ④ 변경사항은 변경관리 및 형상관리 시스템에 입력하여야 
한다.
- 2 -",2018,3,,"[2017, 2018]","[{""year"": 2018, ""num"": 3}, {""year"": 2018, ""num"": 2}, {""year"": 2017, ""num"": 13}]"
51,PM,frequent,[기타],기타,127,기출문제 중 기존 세부 개념으로 정의되지 않은 기타 문항들입니다.,기타 분류된 문제 리스트를 검토하여 누락된 개념이나 특이 문제 유형을 점검합니다.,기타,"23. 「AI 데이터 품질관리 가이드라인 v3.5 (2025.2)」
에서 초거대 언어모델(LLM) 품질관리 지표 중 
‘유효성’ 영역에서 ROUGE-L 지표를 활용한 성능 
평가 방법은?
  ① 알고리즘이 데이터 포인트를 올바르게 분류하는 
빈도를 측정
  ② 각각의 객체에 대한 검출 정확도를 측정
  ③ 참값 정확도의 평균 개수를 계산하여 식별 
정밀도를 측정
  ④ 가장 긴 일치하는 단어 시퀀스를 측정",2026,23,,"[2015, 2016, 2017, 2018, 2019, 2020, 2021, 2022, 2023, 2024, 2025, 2026]","[{""year"": 2026, ""num"": 23}, {""year"": 2026, ""num"": 22}, {""year"": 2026, ""num"": 21}, {""year"": 2026, ""num"": 20}, {""year"": 2026, ""num"": 18}, {""year"": 2026, ""num"": 16}, {""year"": 2026, ""num"": 15}, {""year"": 2026, ""num"": 14}, {""year"": 2026, ""num"": 13}, {""year"": 2026, ""num"": 11}, {""year"": 2026, ""num"": 10}, {""year"": 2026, ""num"": 8}, {""year"": 2026, ""num"": 3}, {""year"": 2026, ""num"": 2}, {""year"": 2026, ""num"": 1}, {""year"": 2025, ""num"": 24}, {""year"": 2025, ""num"": 23}, {""year"": 2025, ""num"": 21}, {""year"": 2025, ""num"": 17}, {""year"": 2025, ""num"": 16}, {""year"": 2025, ""num"": 14}, {""year"": 2025, ""num"": 12}, {""year"": 2025, ""num"": 11}, {""year"": 2025, ""num"": 10}, {""year"": 2025, ""num"": 5}, {""year"": 2025, ""num"": 4}, {""year"": 2024, ""num"": 25}, {""year"": 2024, ""num"": 24}, {""year"": 2024, ""num"": 23}, {""year"": 2024, ""num"": 22}, {""year"": 2024, ""num"": 21}, {""year"": 2024, ""num"": 20}, {""year"": 2024, ""num"": 18}, {""year"": 2024, ""num"": 17}, {""year"": 2024, ""num"": 16}, {""year"": 2024, ""num"": 15}, {""year"": 2024, ""num"": 12}, {""year"": 2024, ""num"": 11}, {""year"": 2024, ""num"": 10}, {""year"": 2024, ""num"": 9}, {""year"": 2024, ""num"": 4}, {""year"": 2024, ""num"": 1}, {""year"": 2023, ""num"": 21}, {""year"": 2023, ""num"": 13}, {""year"": 2023, ""num"": 11}, {""year"": 2023, ""num"": 10}, {""year"": 2023, ""num"": 9}, {""year"": 2023, ""num"": 7}, {""year"": 2023, ""num"": 5}, {""year"": 2023, ""num"": 4}, {""year"": 2023, ""num"": 3}, {""year"": 2023, ""num"": 2}, {""year"": 2022, ""num"": 19}, {""year"": 2022, ""num"": 18}, {""year"": 2022, ""num"": 15}, {""year"": 2022, ""num"": 10}, {""year"": 2022, ""num"": 8}, {""year"": 2022, ""num"": 7}, {""year"": 2022, ""num"": 5}, {""year"": 2022, ""num"": 2}, {""year"": 2021, ""num"": 12}, {""year"": 2021, ""num"": 9}, {""year"": 2021, ""num"": 8}, {""year"": 2021, ""num"": 4}, {""year"": 2021, ""num"": 2}, {""year"": 2020, ""num"": 23}, {""year"": 2020, ""num"": 18}, {""year"": 2020, ""num"": 16}, {""year"": 2020, ""num"": 15}, {""year"": 2020, ""num"": 11}, {""year"": 2020, ""num"": 5}, {""year"": 2020, ""num"": 3}, {""year"": 2019, ""num"": 23}, {""year"": 2019, ""num"": 22}, {""year"": 2019, ""num"": 18}, {""year"": 2019, ""num"": 17}, {""year"": 2019, ""num"": 13}, {""year"": 2019, ""num"": 10}, {""year"": 2019, ""num"": 7}, {""year"": 2019, ""num"": 6}, {""year"": 2019, ""num"": 5}, {""year"": 2019, ""num"": 4}, {""year"": 2019, ""num"": 2}, {""year"": 2019, ""num"": 1}, {""year"": 2018, ""num"": 20}, {""year"": 2018, ""num"": 19}, {""year"": 2018, ""num"": 15}, {""year"": 2018, ""num"": 10}, {""year"": 2018, ""num"": 8}, {""year"": 2018, ""num"": 7}, {""year"": 2018, ""num"": 6}, {""year"": 2017, ""num"": 20}, {""year"": 2017, ""num"": 15}, {""year"": 2017, ""num"": 12}, {""year"": 2017, ""num"": 11}, {""year"": 2017, ""num"": 10}, {""year"": 2017, ""num"": 9}, {""year"": 2017, ""num"": 8}, {""year"": 2017, ""num"": 6}, {""year"": 2017, ""num"": 4}, {""year"": 2017, ""num"": 2}, {""year"": 2017, ""num"": 1}, {""year"": 2016, ""num"": 25}, {""year"": 2016, ""num"": 24}, {""year"": 2016, ""num"": 20}, {""year"": 2016, ""num"": 17}, {""year"": 2016, ""num"": 9}, {""year"": 2016, ""num"": 8}, {""year"": 2016, ""num"": 7}, {""year"": 2016, ""num"": 4}, {""year"": 2016, ""num"": 3}, {""year"": 2016, ""num"": 2}, {""year"": 2015, ""num"": 25}, {""year"": 2015, ""num"": 19}, {""year"": 2015, ""num"": 18}, {""year"": 2015, ""num"": 17}, {""year"": 2015, ""num"": 15}, {""year"": 2015, ""num"": 10}, {""year"": 2015, ""num"": 7}, {""year"": 2015, ""num"": 6}, {""year"": 2015, ""num"": 5}, {""year"": 2015, ""num"": 4}, {""year"": 2019, ""num"": 11}, {""year"": 2015, ""num"": 8}, {""year"": 2024, ""num"": 6}, {""year"": 2017, ""num"": 19}, {""year"": 2023, ""num"": 23}]"
52,PM,official,"1-a. 정보화 및 소프트웨어 관련 법령 및 고시, 가이드","1. 정보화 및 소프트웨어 관련 법/제도 및 국내외 지침, 가이드",38,공공 SW사업 관리 법령 및 지능정보화 정책 체계,"소프트웨어 진흥법령 상의 중소기업 참여제한 예외 요건, 지능정보화 기본계획, 공공데이터 개방 및 데이터베이스 표준화 지침을 검증합니다.",법/제도/지침 -> 정보화/SW 법령 및 고시,"22. 다음 중 「전자정부 성과관리 지침(행정안전부 
고시)」에 따른 성과관리에 대한 설명으로 가장 
적절하지 않은 것은?
  ① 행정안전부 장관은 매년 전자정부 성과관리를 
수립하여야 한다.
  ② 행정안전부 장관은 성과측정 및 분석결과에 따라 
성과관리가 특별히 필요하다고 판단되는 사업에 
대해 사업규모를 조정할 것을 요청할 수 있다.
  ③ 중앙행정기관의 장은 성과측정을 비용측면, 
효과측면으로 구분하여 시행한다.
  ④ 행정안전부 장관은 성과 평가 결과 40점 미만은 
폐기하도록 권고할 수 있다.",2026,22,,"[2015, 2016, 2017, 2018, 2019, 2020, 2021, 2022, 2023, 2024, 2025, 2026]","[{""year"": 2026, ""num"": 22}, {""year"": 2026, ""num"": 21}, {""year"": 2026, ""num"": 4}, {""year"": 2025, ""num"": 8}, {""year"": 2025, ""num"": 7}, {""year"": 2025, ""num"": 6}, {""year"": 2025, ""num"": 2}, {""year"": 2024, ""num"": 6}, {""year"": 2024, ""num"": 5}, {""year"": 2024, ""num"": 3}, {""year"": 2023, ""num"": 25}, {""year"": 2023, ""num"": 24}, {""year"": 2023, ""num"": 23}, {""year"": 2023, ""num"": 22}, {""year"": 2023, ""num"": 17}, {""year"": 2023, ""num"": 15}, {""year"": 2022, ""num"": 21}, {""year"": 2022, ""num"": 20}, {""year"": 2021, ""num"": 23}, {""year"": 2021, ""num"": 22}, {""year"": 2021, ""num"": 21}, {""year"": 2021, ""num"": 20}, {""year"": 2021, ""num"": 11}, {""year"": 2020, ""num"": 7}, {""year"": 2020, ""num"": 6}, {""year"": 2019, ""num"": 25}, {""year"": 2019, ""num"": 22}, {""year"": 2019, ""num"": 20}, {""year"": 2018, ""num"": 22}, {""year"": 2018, ""num"": 14}, {""year"": 2017, ""num"": 21}, {""year"": 2017, ""num"": 19}, {""year"": 2017, ""num"": 17}, {""year"": 2016, ""num"": 22}, {""year"": 2016, ""num"": 21}, {""year"": 2015, ""num"": 21}, {""year"": 2015, ""num"": 20}, {""year"": 2015, ""num"": 16}]"
53,PM,official,1-b. 계약 관련 법령 및 예규,"1. 정보화 및 소프트웨어 관련 법/제도 및 국내외 지침, 가이드",15,국가 조달 계약 법적 규격 및 예규 수칙,"국가계약법의 입찰보증금 규정, 협상에 의한 계약체결기준(평가비중 90:10, 85% 적격요건), 용역계약일반조건 상의 대가조정 요건 및 하도급 비율 지침이 빈출됩니다.",법/제도/지침 -> 계약 법령 및 예규,"24. 「국가를 당사자로 하는 계약에 관한 법률 시행
규칙 (2026.1.2.)」에서 규정한 ‘상용 소프트웨어 
직접구매’ 제외 사유와 거리가 먼 것은?
  ① 기존 정보시스템과 통합이 불가능하거나 현저한 
비용상승이 초래되는 경우
  ② 소프트웨어 제품을 직접 공급하면 해당 사업이 
기간 내에 완성될 수 없을 정도로 현저하게 지
연될 우려가 있는 경우
  ③ 분리발주로 인한 행정업무 증가 외에 직접 구매
하는 것이 현저하게 비효율적이라고 판단되는 
경우
  ④ 운영 및 유지보수에서 확장성 문제가 발생할 우
려가 있는 경우",2026,24,,"[2017, 2018, 2020, 2021, 2023, 2024, 2025, 2026]","[{""year"": 2026, ""num"": 24}, {""year"": 2025, ""num"": 9}, {""year"": 2025, ""num"": 3}, {""year"": 2025, ""num"": 2}, {""year"": 2024, ""num"": 5}, {""year"": 2024, ""num"": 2}, {""year"": 2023, ""num"": 24}, {""year"": 2023, ""num"": 23}, {""year"": 2023, ""num"": 15}, {""year"": 2021, ""num"": 20}, {""year"": 2021, ""num"": 16}, {""year"": 2020, ""num"": 4}, {""year"": 2018, ""num"": 16}, {""year"": 2017, ""num"": 21}, {""year"": 2017, ""num"": 5}]"
54,PM,official,1-c. 대가산정 관련 고시 및 가이드,"1. 정보화 및 소프트웨어 관련 법/제도 및 국내외 지침, 가이드",14,소프트웨어 사업 대가 산정 표준 모델,"기능점수(FP) 간이법 및 상세법의 보정계수 산정법, 엔지니어링사업대가 기준에 기초한 실비정산 가산방식 적용을 다룹니다.",법/제도/지침 -> SW 대가산정 기준,"9. 다음 중 「SW사업 대가산정 가이드(한국소프트웨어
산업협회, 2025년 개정판)」에 따른 인공지능(AI) 
도입 사업비(사업 유형이 커스터마이징형일 경우) 
비용항목으로 가장 적절한 것은?
  ① 서비스 이용료 
  ② 서비스 이용료, 커스터마이징 작업비용 
  ③ 서비스 이용료, 구축·개발 비용
  ④ 서비스 이용료, 커스터마이징 작업비용, 
구축·개발 비용",2026,9,,"[2015, 2016, 2017, 2019, 2021, 2022, 2023, 2024, 2025, 2026]","[{""year"": 2026, ""num"": 9}, {""year"": 2025, ""num"": 18}, {""year"": 2025, ""num"": 13}, {""year"": 2025, ""num"": 9}, {""year"": 2024, ""num"": 2}, {""year"": 2023, ""num"": 16}, {""year"": 2022, ""num"": 24}, {""year"": 2022, ""num"": 14}, {""year"": 2021, ""num"": 20}, {""year"": 2019, ""num"": 24}, {""year"": 2019, ""num"": 21}, {""year"": 2017, ""num"": 23}, {""year"": 2016, ""num"": 23}, {""year"": 2015, ""num"": 24}]"
55,PM,official,"1-d. IT거버넌스, CoBIT 등 국외 관련 지침","1. 정보화 및 소프트웨어 관련 법/제도 및 국내외 지침, 가이드",0,기업 IT 자산 통제 및 글로벌 거버넌스 프레임워크,COBIT의 거버넌스 및 매니지먼트 5대 영역 구분과 성숙도 평가 모델을 중점 질문합니다.,법/제도/지침 -> IT 거버넌스 및 COBIT,,,,,[],[]
56,PM,official,"2-a. 전자정부법, 정보시스템 감리기준 등 감리 법제도",2. 감리 관련 법제도 및 관련 기술,67,국가 의무감리 대상 기준 및 감리원 윤리/배치 기준,"전자정부법상 의무감리 조건(5억 이상 개발 등), 감리인 수행 규격, 의견 진술서 처리 절차 및 감리 계획서 제출 기한(15일)을 정확히 묻습니다.",감리 법제도/기술 -> 감리 법제도,"7. 다음 중 「정보시스템 감리 수행가이드(한국지능정보
사회진흥원)」에서 정한 종료단계 감리의 감리원 활
동으로 가장 적절하지 않은 것은?
  ① 사업자의 과업 대비표 실증 점검
  ② 전수조사 및 표본추출 대상 선정
  ③ 검사항목별 완료여부 확인 및 적부판정
  ④ 점검항목별 설계산출물의 충실도 점검",2026,7,,"[2015, 2016, 2017, 2018, 2019, 2020, 2021, 2022, 2023, 2024, 2025, 2026]","[{""year"": 2026, ""num"": 7}, {""year"": 2026, ""num"": 6}, {""year"": 2026, ""num"": 5}, {""year"": 2025, ""num"": 19}, {""year"": 2025, ""num"": 18}, {""year"": 2025, ""num"": 15}, {""year"": 2025, ""num"": 13}, {""year"": 2025, ""num"": 1}, {""year"": 2024, ""num"": 14}, {""year"": 2024, ""num"": 13}, {""year"": 2024, ""num"": 8}, {""year"": 2024, ""num"": 7}, {""year"": 2024, ""num"": 3}, {""year"": 2023, ""num"": 20}, {""year"": 2023, ""num"": 19}, {""year"": 2023, ""num"": 18}, {""year"": 2023, ""num"": 14}, {""year"": 2022, ""num"": 25}, {""year"": 2022, ""num"": 23}, {""year"": 2022, ""num"": 22}, {""year"": 2022, ""num"": 21}, {""year"": 2022, ""num"": 17}, {""year"": 2022, ""num"": 16}, {""year"": 2022, ""num"": 13}, {""year"": 2022, ""num"": 12}, {""year"": 2022, ""num"": 11}, {""year"": 2021, ""num"": 25}, {""year"": 2021, ""num"": 24}, {""year"": 2021, ""num"": 19}, {""year"": 2021, ""num"": 18}, {""year"": 2021, ""num"": 17}, {""year"": 2021, ""num"": 15}, {""year"": 2021, ""num"": 14}, {""year"": 2021, ""num"": 13}, {""year"": 2020, ""num"": 12}, {""year"": 2020, ""num"": 10}, {""year"": 2020, ""num"": 9}, {""year"": 2020, ""num"": 8}, {""year"": 2020, ""num"": 2}, {""year"": 2020, ""num"": 1}, {""year"": 2019, ""num"": 19}, {""year"": 2019, ""num"": 16}, {""year"": 2019, ""num"": 15}, {""year"": 2019, ""num"": 14}, {""year"": 2018, ""num"": 25}, {""year"": 2018, ""num"": 24}, {""year"": 2018, ""num"": 23}, {""year"": 2018, ""num"": 22}, {""year"": 2018, ""num"": 21}, {""year"": 2018, ""num"": 18}, {""year"": 2018, ""num"": 17}, {""year"": 2017, ""num"": 22}, {""year"": 2017, ""num"": 18}, {""year"": 2017, ""num"": 16}, {""year"": 2017, ""num"": 14}, {""year"": 2016, ""num"": 21}, {""year"": 2016, ""num"": 19}, {""year"": 2016, ""num"": 18}, {""year"": 2016, ""num"": 16}, {""year"": 2016, ""num"": 15}, {""year"": 2016, ""num"": 14}, {""year"": 2016, ""num"": 13}, {""year"": 2016, ""num"": 12}, {""year"": 2016, ""num"": 11}, {""year"": 2015, ""num"": 23}, {""year"": 2015, ""num"": 14}, {""year"": 2015, ""num"": 13}]"
57,PM,official,2-b. 정보시스템 인프라 관련 법제도,2. 감리 관련 법제도 및 관련 기술,0,정보시스템 물리/기술 인프라 구축 관련 규정,정보시스템의 안정성 확보를 위한 인프라 법제도적 준수 사항을 검증합니다.,감리 법제도/기술 -> 인프라 법제도,,,,,[],[]
58,PM,official,2-c. 정보시스템 감리 관련 가이드,2. 감리 관련 법제도 및 관련 기술,27,감리 발주 및 분야별 수행 세부 가이드,"감리원 윤리 가이드, 감리수행가이드 및 유지보수 감리 점검 가이드 상의 점검 단계와 항목을 다룹니다.",감리 법제도/기술 -> 감리 수행 가이드,"7. 다음 중 「정보시스템 감리 수행가이드(한국지능정보
사회진흥원)」에서 정한 종료단계 감리의 감리원 활
동으로 가장 적절하지 않은 것은?
  ① 사업자의 과업 대비표 실증 점검
  ② 전수조사 및 표본추출 대상 선정
  ③ 검사항목별 완료여부 확인 및 적부판정
  ④ 점검항목별 설계산출물의 충실도 점검",2026,7,,"[2015, 2016, 2017, 2018, 2019, 2020, 2021, 2022, 2023, 2024, 2025, 2026]","[{""year"": 2026, ""num"": 7}, {""year"": 2026, ""num"": 3}, {""year"": 2026, ""num"": 2}, {""year"": 2025, ""num"": 16}, {""year"": 2024, ""num"": 14}, {""year"": 2024, ""num"": 11}, {""year"": 2024, ""num"": 10}, {""year"": 2024, ""num"": 9}, {""year"": 2023, ""num"": 13}, {""year"": 2022, ""num"": 15}, {""year"": 2021, ""num"": 25}, {""year"": 2021, ""num"": 19}, {""year"": 2020, ""num"": 9}, {""year"": 2019, ""num"": 18}, {""year"": 2019, ""num"": 17}, {""year"": 2018, ""num"": 25}, {""year"": 2018, ""num"": 24}, {""year"": 2018, ""num"": 23}, {""year"": 2018, ""num"": 20}, {""year"": 2018, ""num"": 19}, {""year"": 2017, ""num"": 20}, {""year"": 2016, ""num"": 20}, {""year"": 2016, ""num"": 15}, {""year"": 2015, ""num"": 25}, {""year"": 2015, ""num"": 23}, {""year"": 2015, ""num"": 17}, {""year"": 2015, ""num"": 14}]"
59,PM,official,"3-a. 조직구조, 조직이론, 조직설계",3. 조직 관리론,7,프로젝트 수행 최적 조직 구조 설계 및 역량 분석,"기능형, 매트릭스형(강한/약한/균형), 프로젝트 전담형 조직 간의 자원 활용성 및 의사결정 권한 범위를 주로 비교합니다.",조직 관리론 -> 조직 설계 및 구조,"6. 프로젝트 조직에 관한 다음 설명 중 옳은 것을 모
두 고른 것은?
가. 중간(균형) 매트릭스 조직(balanced matrix 
organization) 구조에서 프로젝트 관리자는 기능
관리자 아래에 있어 예산 사용에 제약을 받는다.
나. 강한 매트릭스 조직(strong matrix organization)
은 전임 프로젝트 관리자와 프로젝트 행정업
무를 전담하는 직원을 가질 수 있다.
다. 약한 매트릭스 조직(weak matrix organization) 
구조에서는 직원들이 프로젝트업무를 조정하
는 역할을 수행한다.
라. 기능 조직(functional organization)은 기존 
프로젝트의 소규모 변경이나 중요하지 않은 소
규모 프로젝트 수행에 적합한 구조이다.
  ① 가, 나, 다
② 가, 다, 라
  ③ 나, 다, 라
④ 가, 나, 다, 라",2022,6,,"[2015, 2016, 2019, 2020, 2021, 2022]","[{""year"": 2022, ""num"": 6}, {""year"": 2021, ""num"": 5}, {""year"": 2020, ""num"": 14}, {""year"": 2019, ""num"": 12}, {""year"": 2016, ""num"": 10}, {""year"": 2015, ""num"": 9}, {""year"": 2015, ""num"": 1}]"
60,PM,official,"3-b. 인적 자원관리, 의사소통관리",3. 조직 관리론,15,인적 동기부여 이론 및 의사소통 채널 산식,"허즈버그 2요인설(동기/위생), 맥그리거 X-Y이론, 매슬로우 욕구계층 및 N명 이해관계자 간 소통 채널 수 계산 공식 [N*(N-1)/2] 등이 매년 출제됩니다.",조직 관리론 -> 인적/의사소통 관리,"19. 의사소통 당사자의 수가 5명에서 7명으로 2명이 
더 늘었다면 의사소통 채널 수는 현재보다 얼마나 
증가하는가?
  ① 2개 
② 4개
  ③ 11개
④ 15개",2026,19,,"[2015, 2017, 2018, 2020, 2021, 2022, 2023, 2024, 2025, 2026]","[{""year"": 2026, ""num"": 19}, {""year"": 2026, ""num"": 17}, {""year"": 2025, ""num"": 25}, {""year"": 2025, ""num"": 20}, {""year"": 2024, ""num"": 19}, {""year"": 2023, ""num"": 12}, {""year"": 2022, ""num"": 1}, {""year"": 2021, ""num"": 10}, {""year"": 2021, ""num"": 6}, {""year"": 2020, ""num"": 21}, {""year"": 2018, ""num"": 12}, {""year"": 2018, ""num"": 5}, {""year"": 2018, ""num"": 4}, {""year"": 2017, ""num"": 7}, {""year"": 2015, ""num"": 11}]"
61,PM,official,4-a. 프로젝트관리 관련 표준 및 가이드,4. 프로젝트 관리,3,글로벌 프로젝트 관리 국제 표준 및 체계,KS A ISO 21500 표준의 프로세스 맵 및 PMBOK 가이드의 프로젝트 관리 12대 원칙 및 8대 성과 도메인의 정의를 다룹니다.,프로젝트 관리 -> PM 표준 및 가이드,"1. 프로젝트관리에 관한 국제표준 ISO 21500에서 제
시하는 10개의 주제 그룹에 속하지 않은 것은?
  ① 통합
② 조달
  ③ 통제
④ 의사소통",2022,1,,"[2015, 2019, 2022]","[{""year"": 2022, ""num"": 1}, {""year"": 2019, ""num"": 10}, {""year"": 2015, ""num"": 3}]"
62,PM,official,4-b. 통합/범위/자원/일정/위험/품질/성과/조달/변화 관리 등,4. 프로젝트 관리,44,PMBOK 10대 지식 영역별 정량 통제 기법,"주공정법(CPM)의 임계경로 및 여유시간(Float) 연산, 기성고 분석(EVM)의 CPI/SPI/EAC 공식, 위험 대응 전략(회피/완화/전이/수용) 및 통계적 품질 도구(파레토, 관리도)의 쓰임새를 핵심적으로 평가합니다.",프로젝트 관리 -> 지식 영역별 통제,"25. 다음 중 몬테카를로 시뮬레이션 분석에 대한 설명
으로 가장 적절하지 않은 것은?
  ① 분석을 위한 투입물 값(원가산정치, 기간산정치 
등)은 반복할 때마다 3점 산정법의 평균값으로 
계산한다.
  ② 시뮬레이션의 산출물은 프로젝트 종료날짜나 완료
시점의 프로젝트 원가 등과 같은 프로젝트의 
가능한 결과물 범위를 나타낸다.
  ③ 프로젝트 목표 달성에 미칠 잠재적 영향을 평가
하기 위해 개별 프로젝트 리스크 및 기타 불확
실성 원인의 종합적 영향을 분석할 때 사용할 수 
있다.
  ④ 일반적인 산출물에는 시뮬레이션에서 특정 결과를 
얻은 반복(iteration) 횟수를 나타내는 히스토그램 
또는 특정 결과를 달성할 확률 또는 그 미만을 
나타내는 누적 확률분포(S-곡선)가 포함된다.
- 5 -
소프트웨어 공학",2026,25,,"[2015, 2016, 2017, 2018, 2019, 2020, 2021, 2022, 2023, 2024, 2025, 2026]","[{""year"": 2026, ""num"": 25}, {""year"": 2026, ""num"": 12}, {""year"": 2025, ""num"": 22}, {""year"": 2024, ""num"": 19}, {""year"": 2023, ""num"": 8}, {""year"": 2023, ""num"": 6}, {""year"": 2023, ""num"": 1}, {""year"": 2022, ""num"": 9}, {""year"": 2022, ""num"": 4}, {""year"": 2022, ""num"": 3}, {""year"": 2021, ""num"": 7}, {""year"": 2021, ""num"": 3}, {""year"": 2021, ""num"": 1}, {""year"": 2020, ""num"": 25}, {""year"": 2020, ""num"": 24}, {""year"": 2020, ""num"": 22}, {""year"": 2020, ""num"": 20}, {""year"": 2020, ""num"": 19}, {""year"": 2020, ""num"": 17}, {""year"": 2020, ""num"": 13}, {""year"": 2019, ""num"": 11}, {""year"": 2019, ""num"": 9}, {""year"": 2019, ""num"": 8}, {""year"": 2019, ""num"": 3}, {""year"": 2018, ""num"": 13}, {""year"": 2018, ""num"": 12}, {""year"": 2018, ""num"": 11}, {""year"": 2018, ""num"": 9}, {""year"": 2018, ""num"": 3}, {""year"": 2018, ""num"": 2}, {""year"": 2018, ""num"": 1}, {""year"": 2017, ""num"": 25}, {""year"": 2017, ""num"": 24}, {""year"": 2017, ""num"": 13}, {""year"": 2017, ""num"": 3}, {""year"": 2016, ""num"": 22}, {""year"": 2016, ""num"": 6}, {""year"": 2016, ""num"": 5}, {""year"": 2016, ""num"": 1}, {""year"": 2015, ""num"": 22}, {""year"": 2015, ""num"": 12}, {""year"": 2015, ""num"": 8}, {""year"": 2015, ""num"": 3}, {""year"": 2015, ""num"": 2}]"
63,PM,official,[기타],기타,102,기출문제 중 가이드라인 세부 중단원에 포함되지 않는 복합/기타 문항들입니다.,기타 분류 문제를 검토하여 변형 기출을 대비하세요.,기타 영역,"23. 「AI 데이터 품질관리 가이드라인 v3.5 (2025.2)」
에서 초거대 언어모델(LLM) 품질관리 지표 중 
‘유효성’ 영역에서 ROUGE-L 지표를 활용한 성능 
평가 방법은?
  ① 알고리즘이 데이터 포인트를 올바르게 분류하는 
빈도를 측정
  ② 각각의 객체에 대한 검출 정확도를 측정
  ③ 참값 정확도의 평균 개수를 계산하여 식별 
정밀도를 측정
  ④ 가장 긴 일치하는 단어 시퀀스를 측정",2026,23,,"[2015, 2016, 2017, 2018, 2019, 2020, 2021, 2022, 2023, 2024, 2025, 2026]","[{""year"": 2026, ""num"": 23}, {""year"": 2026, ""num"": 20}, {""year"": 2026, ""num"": 18}, {""year"": 2026, ""num"": 16}, {""year"": 2026, ""num"": 15}, {""year"": 2026, ""num"": 14}, {""year"": 2026, ""num"": 13}, {""year"": 2026, ""num"": 11}, {""year"": 2026, ""num"": 10}, {""year"": 2026, ""num"": 8}, {""year"": 2026, ""num"": 1}, {""year"": 2025, ""num"": 24}, {""year"": 2025, ""num"": 23}, {""year"": 2025, ""num"": 21}, {""year"": 2025, ""num"": 17}, {""year"": 2025, ""num"": 14}, {""year"": 2025, ""num"": 12}, {""year"": 2025, ""num"": 11}, {""year"": 2025, ""num"": 10}, {""year"": 2025, ""num"": 5}, {""year"": 2025, ""num"": 4}, {""year"": 2024, ""num"": 25}, {""year"": 2024, ""num"": 24}, {""year"": 2024, ""num"": 23}, {""year"": 2024, ""num"": 22}, {""year"": 2024, ""num"": 21}, {""year"": 2024, ""num"": 20}, {""year"": 2024, ""num"": 18}, {""year"": 2024, ""num"": 17}, {""year"": 2024, ""num"": 16}, {""year"": 2024, ""num"": 15}, {""year"": 2024, ""num"": 12}, {""year"": 2024, ""num"": 4}, {""year"": 2024, ""num"": 1}, {""year"": 2023, ""num"": 21}, {""year"": 2023, ""num"": 11}, {""year"": 2023, ""num"": 10}, {""year"": 2023, ""num"": 9}, {""year"": 2023, ""num"": 7}, {""year"": 2023, ""num"": 5}, {""year"": 2023, ""num"": 4}, {""year"": 2023, ""num"": 3}, {""year"": 2023, ""num"": 2}, {""year"": 2022, ""num"": 19}, {""year"": 2022, ""num"": 18}, {""year"": 2022, ""num"": 10}, {""year"": 2022, ""num"": 8}, {""year"": 2022, ""num"": 7}, {""year"": 2022, ""num"": 5}, {""year"": 2022, ""num"": 2}, {""year"": 2021, ""num"": 12}, {""year"": 2021, ""num"": 9}, {""year"": 2021, ""num"": 8}, {""year"": 2021, ""num"": 4}, {""year"": 2021, ""num"": 2}, {""year"": 2020, ""num"": 23}, {""year"": 2020, ""num"": 18}, {""year"": 2020, ""num"": 16}, {""year"": 2020, ""num"": 15}, {""year"": 2020, ""num"": 11}, {""year"": 2020, ""num"": 5}, {""year"": 2020, ""num"": 3}, {""year"": 2019, ""num"": 23}, {""year"": 2019, ""num"": 13}, {""year"": 2019, ""num"": 7}, {""year"": 2019, ""num"": 6}, {""year"": 2019, ""num"": 5}, {""year"": 2019, ""num"": 4}, {""year"": 2019, ""num"": 2}, {""year"": 2019, ""num"": 1}, {""year"": 2018, ""num"": 15}, {""year"": 2018, ""num"": 10}, {""year"": 2018, ""num"": 8}, {""year"": 2018, ""num"": 7}, {""year"": 2018, ""num"": 6}, {""year"": 2017, ""num"": 15}, {""year"": 2017, ""num"": 12}, {""year"": 2017, ""num"": 11}, {""year"": 2017, ""num"": 10}, {""year"": 2017, ""num"": 9}, {""year"": 2017, ""num"": 8}, {""year"": 2017, ""num"": 6}, {""year"": 2017, ""num"": 4}, {""year"": 2017, ""num"": 2}, {""year"": 2017, ""num"": 1}, {""year"": 2016, ""num"": 25}, {""year"": 2016, ""num"": 24}, {""year"": 2016, ""num"": 17}, {""year"": 2016, ""num"": 9}, {""year"": 2016, ""num"": 8}, {""year"": 2016, ""num"": 7}, {""year"": 2016, ""num"": 4}, {""year"": 2016, ""num"": 3}, {""year"": 2016, ""num"": 2}, {""year"": 2015, ""num"": 19}, {""year"": 2015, ""num"": 18}, {""year"": 2015, ""num"": 15}, {""year"": 2015, ""num"": 10}, {""year"": 2015, ""num"": 7}, {""year"": 2015, ""num"": 6}, {""year"": 2015, ""num"": 5}, {""year"": 2015, ""num"": 4}]"
64,SA,frequent,네트워크 라우팅 프로토콜 (RIP/OSPF/BGP),데이터 통신 및 네트워크 설계,30,패킷을 목적지까지 가장 효율적인 경로로 전달하기 위한 네트워크 라우팅 프로토콜,"RIP(거리 벡터, 벨만-포드, 최대 15홉 제한)와 OSPF(링크 상태, 다익스트라, 계층 구조) 및 BGP(경로 벡터, 자율 시스템 간 연동)의 세부 명세 비교가 출제됩니다.",데이터 통신 및 네트워크 설계 -> 라우팅 프로토콜,"94. 다음 보기에서 설명하고 있는 동적 라우팅 프로토콜로 
가장 적절한 것은?
보기
Ÿ
다익스트라(Dijkstra) 알고리즘을 기반으로 하는 
링크 상태 라우팅 프로토콜이다.
Ÿ
AS(Autonomous System) 내부에서 사용되는 
내부 게이트웨이 프로토콜에 해당한다. 
Ÿ
네트워크의 변화가 있을 때만 라우팅 정보를 
멀티캐스트로 전송하여 네트워크 대역폭 효율성이 
높다.
  ① RIP
② ARP
  ③ BGP
④ OSPF",2026,94,,"[2015, 2016, 2017, 2018, 2019, 2020, 2021, 2022, 2023, 2024, 2025, 2026]","[{""year"": 2026, ""num"": 94}, {""year"": 2025, ""num"": 95}, {""year"": 2025, ""num"": 94}, {""year"": 2024, ""num"": 99}, {""year"": 2024, ""num"": 92}, {""year"": 2024, ""num"": 90}, {""year"": 2024, ""num"": 86}, {""year"": 2023, ""num"": 90}, {""year"": 2023, ""num"": 89}, {""year"": 2022, ""num"": 91}, {""year"": 2022, ""num"": 89}, {""year"": 2022, ""num"": 88}, {""year"": 2022, ""num"": 82}, {""year"": 2022, ""num"": 76}, {""year"": 2021, ""num"": 94}, {""year"": 2021, ""num"": 93}, {""year"": 2021, ""num"": 89}, {""year"": 2021, ""num"": 80}, {""year"": 2020, ""num"": 100}, {""year"": 2020, ""num"": 99}, {""year"": 2020, ""num"": 91}, {""year"": 2020, ""num"": 80}, {""year"": 2019, ""num"": 91}, {""year"": 2018, ""num"": 99}, {""year"": 2018, ""num"": 98}, {""year"": 2017, ""num"": 98}, {""year"": 2016, ""num"": 98}, {""year"": 2016, ""num"": 89}, {""year"": 2015, ""num"": 88}, {""year"": 2015, ""num"": 78}]"
65,SA,frequent,IP 주소 체계 비교 (IPv4 vs IPv6 헤더 필드),데이터 통신 및 네트워크 설계,27,인터넷망 상의 호스트 식별을 위한 주소 규격 및 차세대 인터넷 프로토콜 헤더 사양,"IPv4(32비트, 가변 헤더)와 IPv6(128비트, 고정 헤더, 흐름 레이블 필드 도입, 체크섬 필드 제거)의 헤더 필드 대조 및 서브넷 마스크 연산 문제가 빈출됩니다.",데이터 통신 및 네트워크 설계 -> IP 프로토콜,"97. IPv6에서는 확장헤더를 갖고 있다. 다음 중 확장
헤더로 가장 적절하지 않은 것은?
  ① Fragmentation
  ② Destination
  ③ ESP(Encapsulating Security Payload)
  ④ Hop Limit",2026,97,,"[2015, 2016, 2017, 2018, 2019, 2020, 2021, 2022, 2023, 2024, 2025, 2026]","[{""year"": 2026, ""num"": 97}, {""year"": 2026, ""num"": 95}, {""year"": 2026, ""num"": 94}, {""year"": 2025, ""num"": 82}, {""year"": 2024, ""num"": 88}, {""year"": 2023, ""num"": 90}, {""year"": 2023, ""num"": 87}, {""year"": 2022, ""num"": 99}, {""year"": 2022, ""num"": 91}, {""year"": 2022, ""num"": 90}, {""year"": 2022, ""num"": 83}, {""year"": 2022, ""num"": 82}, {""year"": 2021, ""num"": 100}, {""year"": 2021, ""num"": 94}, {""year"": 2020, ""num"": 86}, {""year"": 2020, ""num"": 80}, {""year"": 2019, ""num"": 95}, {""year"": 2019, ""num"": 94}, {""year"": 2018, ""num"": 99}, {""year"": 2018, ""num"": 98}, {""year"": 2018, ""num"": 96}, {""year"": 2018, ""num"": 83}, {""year"": 2017, ""num"": 91}, {""year"": 2017, ""num"": 76}, {""year"": 2016, ""num"": 97}, {""year"": 2016, ""num"": 87}, {""year"": 2015, ""num"": 78}]"
66,SA,frequent,TCP 혼잡 제어 (Slow Start / Congestion Avoidance),데이터 통신 및 네트워크 설계,20,송신 호스트가 네트워크 내의 혼잡 상태를 감지하여 전송률을 스스로 조절하는 흐름 제어 기법,"Slow Start(지수적 증가), Congestion Avoidance(선형적 증가), 빠른 재전송(3 Duplicate ACKs 시 임계값 조정 및 전송) 그래프 상의 윈도우 크기 변화를 계산합니다.",데이터 통신 및 네트워크 설계 -> 전송 프로토콜,"96. 다음 보기에서 설명하고 있는 TCP 혼잡 제어 알고리즘의 
특정 단계로 가장 적절한 것은?
보기
Ÿ
연결 초기화 또는 타임아웃이 발생한 후 혼잡 
윈도우 크기를 1로 설정하여 데이터 전송을 
시작한다. 
Ÿ
확인 응답(ACK)을 수신할 때마다 혼잡 윈도우 
크기를 1씩 증가시킨다. 
Ÿ
혼잡 윈도우 크기가 임계값에 도달할 때까지 
이 방식을 유지한다. 
  ① Fast Retransmission
② Congestion Avoidance
  ③ Slow Start
④ Fast Recovery
- 20 -",2026,96,,"[2015, 2016, 2017, 2018, 2020, 2021, 2022, 2023, 2024, 2026]","[{""year"": 2026, ""num"": 96}, {""year"": 2026, ""num"": 93}, {""year"": 2026, ""num"": 92}, {""year"": 2024, ""num"": 100}, {""year"": 2024, ""num"": 98}, {""year"": 2023, ""num"": 100}, {""year"": 2023, ""num"": 89}, {""year"": 2023, ""num"": 77}, {""year"": 2022, ""num"": 83}, {""year"": 2021, ""num"": 93}, {""year"": 2020, ""num"": 96}, {""year"": 2020, ""num"": 79}, {""year"": 2020, ""num"": 78}, {""year"": 2018, ""num"": 100}, {""year"": 2018, ""num"": 96}, {""year"": 2018, ""num"": 84}, {""year"": 2017, ""num"": 93}, {""year"": 2017, ""num"": 84}, {""year"": 2016, ""num"": 80}, {""year"": 2015, ""num"": 100}]"
67,SA,frequent,CPU 정보 레지스터 및 명령어 사이클,공통기술,19,중앙처리장치의 구성 요소 및 주소 지정 방식과 실행 주기 제어,"프로그램 카운터(PC), 누산기(AC), 메모리 주소 레지스터(MAR)의 흐름과 인출(Fetch)->간접(Indirect)->실행(Execute)->인터럽트(Interrupt) 사이클 상태 변화를 묻습니다.",공통기술 -> 컴퓨터 구조 -> CPU,"86. 메모리 계층 구조를 설계하는 근본적인 이유로 
가장 적절한 것은?
  ① 속도가 빠르고 비싼 메모리와 속도는 느리지만 
저렴한 메모리를 조합해 최적의 가성비를 얻기 
위해 
  ② 메인 메모리의 전력 소모를 줄이는 것이 유일한 
목적이기 때문에 
  ③ 모든 데이터를 가장 빠른 CPU 레지스터에만 
저장하기 위해 
  ④ 보조기억장치를 제거하고 캐시만 사용하기 위해",2026,86,,"[2016, 2017, 2018, 2019, 2020, 2022, 2024, 2025, 2026]","[{""year"": 2026, ""num"": 86}, {""year"": 2025, ""num"": 92}, {""year"": 2025, ""num"": 86}, {""year"": 2025, ""num"": 84}, {""year"": 2025, ""num"": 83}, {""year"": 2024, ""num"": 82}, {""year"": 2022, ""num"": 97}, {""year"": 2022, ""num"": 81}, {""year"": 2020, ""num"": 93}, {""year"": 2019, ""num"": 97}, {""year"": 2019, ""num"": 86}, {""year"": 2019, ""num"": 81}, {""year"": 2019, ""num"": 79}, {""year"": 2018, ""num"": 93}, {""year"": 2018, ""num"": 89}, {""year"": 2017, ""num"": 100}, {""year"": 2017, ""num"": 86}, {""year"": 2017, ""num"": 80}, {""year"": 2016, ""num"": 80}]"
68,SA,frequent,OSI 7계층 및 TCP/IP 프로토콜 스택,데이터 통신 및 네트워크 설계,17,네트워크 통신망 구축을 위한 ISO 표준 개방형 아키텍처와 실제 인터넷 프로토콜 표준,"각 계층별 역할(데이터링크: 흐름/에러 제어, 전송: End-to-End 신뢰성 등)과 대표적인 프로토콜/장비 매핑 관계를 묻습니다.",데이터 통신 및 네트워크 설계 -> 네트워크 모델,"95. 다음 보기에서 설명하고 있는 응용 계층 프로토콜로 
가장 적절한 것은?
보기
Ÿ
네트워크 관리자가 클라이언트에게 수동으로 
IP 주소를 할당하는 번거로움을 해결하기 위해 
사용된다. 
Ÿ
클라이언트가 네트워크에 접속할 때 IP 주소, 
서브넷 마스크, 기본 게이트웨이 주소 등을 
동적으로 임대해 준다. 
Ÿ
Discover, Offer, Request, Ack 등의 메시지 
교환 과정을 거친다.
  ① FTP
② SNMP
  ③ DHCP
④ NAT",2026,95,,"[2015, 2017, 2018, 2019, 2020, 2021, 2022, 2023, 2024, 2026]","[{""year"": 2026, ""num"": 95}, {""year"": 2026, ""num"": 93}, {""year"": 2026, ""num"": 80}, {""year"": 2024, ""num"": 79}, {""year"": 2023, ""num"": 90}, {""year"": 2023, ""num"": 84}, {""year"": 2022, ""num"": 80}, {""year"": 2022, ""num"": 76}, {""year"": 2021, ""num"": 93}, {""year"": 2020, ""num"": 78}, {""year"": 2019, ""num"": 86}, {""year"": 2018, ""num"": 96}, {""year"": 2017, ""num"": 95}, {""year"": 2017, ""num"": 91}, {""year"": 2017, ""num"": 82}, {""year"": 2017, ""num"": 76}, {""year"": 2015, ""num"": 94}]"
69,SA,frequent,클라우드 서비스 모델 (IaaS/PaaS/SaaS) 및 가상화,기타 신기술,17,가상화된 컴퓨팅 리소스를 온디맨드로 제공하는 서비스 모델 및 컨테이너화 기술,"IaaS, PaaS, SaaS의 관리 책임 한계선 분기점 및 Type-1/Type-2 하이퍼바이저와 Docker 컨테이너(OS 커널 공유)의 성능 구조적 장단점을 비교 출제합니다.",기타 신기술 -> 클라우드 컴퓨팅,"100. 도커 컨테이너(Container)와 가상 머신(Virtual Machine)의 
차이점에 대한 설명으로 가장 적절한 것은?
  ① 컨테이너는 하드웨어 수준의 가상화를 제공하여 
보안성이 가상 머신보다 뛰어나다.
  ② 가상 머신은 하이퍼바이저 없이 작동하며, 컨테
이너는 반드시 하이퍼바이저가 필요하다.
  ③ 가상 머신은 호스트 OS의 커널을 공유하지만, 
컨테이너는 독립된 커널을 포함한다.
  ④ 컨테이너는 가상 머신보다 오버헤드가 적고 시작 
속도가 매우 빠르다.
보  안",2026,100,,"[2015, 2016, 2018, 2019, 2020, 2021, 2023, 2024, 2026]","[{""year"": 2026, ""num"": 100}, {""year"": 2024, ""num"": 76}, {""year"": 2023, ""num"": 96}, {""year"": 2023, ""num"": 95}, {""year"": 2021, ""num"": 99}, {""year"": 2021, ""num"": 96}, {""year"": 2021, ""num"": 91}, {""year"": 2021, ""num"": 77}, {""year"": 2020, ""num"": 98}, {""year"": 2020, ""num"": 82}, {""year"": 2019, ""num"": 89}, {""year"": 2019, ""num"": 77}, {""year"": 2018, ""num"": 85}, {""year"": 2018, ""num"": 82}, {""year"": 2016, ""num"": 94}, {""year"": 2016, ""num"": 80}, {""year"": 2015, ""num"": 81}]"
70,SA,frequent,RAID 레벨별 패리티 및 디스크 효율 (0/1/5/6/10),아키텍처 설계 및 구축,15,여러 물리 디스크를 논리적 하나의 저장장치로 묶어 성능과 신뢰성을 올리는 기술,"RAID 0(스트라이핑), 1(미러링), 5(분산 단일 패리티), 6(분산 이중 패리티)의 필요 디스크 수 계산, 가용 용량 비율 및 결함 복구 한계를 물어봅니다.",아키텍처 설계 및 구축 -> 스토리지 아키텍처,"78. RAID 구성 방식 중, 데이터를 스트라이핑(Striping)
하여 저장하면서 별도의 디스크에 패리티(Parity) 
정보를 집중적으로 저장하는 방식으로 가장 적절한 
것은?
  ① RAID 0
② RAID 1
  ③ RAID 4
④ RAID 5",2026,78,,"[2017, 2018, 2020, 2021, 2022, 2023, 2024, 2025, 2026]","[{""year"": 2026, ""num"": 78}, {""year"": 2025, ""num"": 87}, {""year"": 2025, ""num"": 81}, {""year"": 2024, ""num"": 85}, {""year"": 2024, ""num"": 83}, {""year"": 2024, ""num"": 81}, {""year"": 2023, ""num"": 79}, {""year"": 2022, ""num"": 100}, {""year"": 2022, ""num"": 87}, {""year"": 2022, ""num"": 79}, {""year"": 2021, ""num"": 83}, {""year"": 2021, ""num"": 76}, {""year"": 2020, ""num"": 85}, {""year"": 2018, ""num"": 76}, {""year"": 2017, ""num"": 92}]"
71,SA,frequent,캐시 메모리 매핑 및 쓰기 정책 (Write-through/Write-back),공통기술,7,CPU와 메인 메모리 간 속도 차이를 해소하기 위한 고속 버퍼 메모리 운영 기법,"직접(Direct), 연관(Associative), 세트 연관(Set-Associative) 매핑의 주소 구조 분석과 Write-through(즉시 기록) / Write-back(교체 시 기록)의 성능 특징을 비교합니다.",공통기술 -> 컴퓨터 구조 -> 캐시,"86. 메모리 계층 구조를 설계하는 근본적인 이유로 
가장 적절한 것은?
  ① 속도가 빠르고 비싼 메모리와 속도는 느리지만 
저렴한 메모리를 조합해 최적의 가성비를 얻기 
위해 
  ② 메인 메모리의 전력 소모를 줄이는 것이 유일한 
목적이기 때문에 
  ③ 모든 데이터를 가장 빠른 CPU 레지스터에만 
저장하기 위해 
  ④ 보조기억장치를 제거하고 캐시만 사용하기 위해",2026,86,,"[2017, 2019, 2021, 2024, 2025, 2026]","[{""year"": 2026, ""num"": 86}, {""year"": 2025, ""num"": 85}, {""year"": 2024, ""num"": 81}, {""year"": 2021, ""num"": 81}, {""year"": 2019, ""num"": 87}, {""year"": 2019, ""num"": 85}, {""year"": 2017, ""num"": 90}]"
72,SA,frequent,가상 메모리 및 페이지 교체 알고리즘 (LRU/LFU/FIFO),공통기술,7,물리 메모리 크기 한계를 극복하고 가상 주소를 물리 주소로 사상하여 관리하는 메모리 관리 모델,"LRU(최근 최소 사용), LFU(최소 빈도 사용), FIFO 교체 알고리즘의 페이지 부재(Page Fault) 횟수 계산 문제 및 스래싱(Thrashing) 예방을 위한 워킹셋 모델을 다룹니다.",공통기술 -> 운영체제 -> 메모리 관리,"86. 다음중가상기억장치에대한설명으로가장
적절하지않은것은?
①CPU가
참조하는
가상주소를
주기억
실제주소로변환하는주소매핑이필요하다.
②프로그램이
적재되는
주기억
장치의
물리주소라고한다.
③가상주소가주기억장치에존재하지않는경우에는
페이지부재(fault)가발생한다.
④LFU은최근까지가장오랫동안사용하지않은
페이지를선택하여교체한다.",2025,86,,"[2018, 2019, 2021, 2023, 2024, 2025]","[{""year"": 2025, ""num"": 86}, {""year"": 2024, ""num"": 78}, {""year"": 2023, ""num"": 76}, {""year"": 2021, ""num"": 81}, {""year"": 2019, ""num"": 85}, {""year"": 2018, ""num"": 94}, {""year"": 2018, ""num"": 93}]"
73,SA,frequent,컴퓨터 조합/순서 논리 회로 (가산기/플립플롭 등),공통기술,5,하드웨어 회로 설계를 위한 기초 수학 논리 및 소자 아키텍처,"가산기, 디코더, 멀티플렉서(기억 소자 없음 -> 조합 회로)와 플립플롭, 카운터(기억 소자 있음 -> 순서 회로)의 출력 진리표 해석과 부울 대수 간소화를 질문합니다.",공통기술 -> 디지털 논리 설계,"95. BERT(Bidirectional Encoder Representation from 
Transformer)에 대한 설명으로 가장 적절하지 않은 
것은?
  ① 위치 임베딩을 사용한다.
  ② 인코더와 디코더를 갖는다.
  ③ 트랜스포머 모델을 기반으로 한다.
  ④ 자연어 처리를 위한 딥러닝 아키텍처 중 하나이다.",2024,95,,"[2023, 2024]","[{""year"": 2024, ""num"": 95}, {""year"": 2024, ""num"": 94}, {""year"": 2024, ""num"": 79}, {""year"": 2024, ""num"": 77}, {""year"": 2023, ""num"": 98}]"
74,SA,frequent,고가용성 아키텍처 및 재해 복구 시스템 (DRS),아키텍처 설계 및 구축,4,시스템 다운 타임을 최소화하기 위한 이중화 및 재해 복구(DR) 아키텍처 표준,"Active-Active, Active-Standby 구성의 세션 동기화 문제와 DRS 수준(Mirroring, Hot, Warm, Cold)에 따른 RTO(복구목표시간) 및 RPO(복구목표시점) 관계를 매년 질문합니다.",아키텍처 설계 및 구축 -> 가용성 설계,"76. 재해복구 설계에서 데이터 손실 허용 범위를 시간 
단위로 정의하는 목표 지표로 가장 적절한 것은?
  ① RPO(Recovery Point Objective)
  ② RTO(Recovery Time Objective)
  ③ MTBF(Mean Time Between Failures)
  ④ MTTR(Mean Time To Repair)",2026,76,,"[2016, 2019, 2020, 2026]","[{""year"": 2026, ""num"": 76}, {""year"": 2020, ""num"": 99}, {""year"": 2019, ""num"": 78}, {""year"": 2016, ""num"": 78}]"
75,SA,frequent,명령어 파이프라이닝 및 해저드 종류 (구조적/데이터/제어),공통기술,3,여러 명령어를 중첩 실행하여 처리량(Throughput)을 높이는 병렬 처리 기술,"구조적 해저드(자원 충돌), 데이터 해저드(RAW, WAR, WAW 의존성), 제어 해저드(분기 명령 발생)의 발생 원인과 지연(Stall) 및 우회(Bypassing) 해결 기법을 출제합니다.",공통기술 -> 컴퓨터 구조 -> 파이프라인,"84. 명령어 파이프라인은 해저드(Hazard)라는 중대한 
문제를 발생시킨다. 다음 중 일반적인 파이프라인 
해저드의 종류로 가장 적절하지 않은 것은?
  ① Structural Hazard
② Register Hazard
  ③ Data Hazard
④ Control Hazard",2022,84,,"[2017, 2021, 2022]","[{""year"": 2022, ""num"": 84}, {""year"": 2021, ""num"": 91}, {""year"": 2017, ""num"": 86}]"
76,SA,frequent,[기타],기타,164,기출문제 중 기존 세부 개념으로 정의되지 않은 기타 문항들입니다.,기타 분류된 문제 리스트를 검토하여 누락된 개념이나 특이 문제 유형을 점검합니다.,기타,"99. 사전 학습된 대규모 모델은 이미 방대한 데이터로 
학습했지만, 새로운 데이터를 처리하거나 특정 
작업에 맞추려면 추가적인 파인튜팅이 필요하다. 
사전 학습된 모델의 구조를 그대로 유지하면서 
필요한 만큼만 파라미터를 효율적으로 수정하는 
기술로 가장 적절한 것은?
  ① RLHF(Reinforcement Learning from Human Feedback)
  ② LoRA(Low-Rank Adaptation)
  ③ RAG(Retrieval-Augmented Generation)
  ④ Few-shot Prompting",2026,99,,"[2015, 2016, 2017, 2018, 2019, 2020, 2021, 2022, 2023, 2024, 2025, 2026]","[{""year"": 2026, ""num"": 99}, {""year"": 2026, ""num"": 98}, {""year"": 2026, ""num"": 91}, {""year"": 2026, ""num"": 90}, {""year"": 2026, ""num"": 89}, {""year"": 2026, ""num"": 88}, {""year"": 2026, ""num"": 87}, {""year"": 2026, ""num"": 85}, {""year"": 2026, ""num"": 84}, {""year"": 2026, ""num"": 83}, {""year"": 2026, ""num"": 82}, {""year"": 2026, ""num"": 81}, {""year"": 2026, ""num"": 79}, {""year"": 2026, ""num"": 77}, {""year"": 2025, ""num"": 100}, {""year"": 2025, ""num"": 99}, {""year"": 2025, ""num"": 98}, {""year"": 2025, ""num"": 97}, {""year"": 2025, ""num"": 96}, {""year"": 2025, ""num"": 93}, {""year"": 2025, ""num"": 91}, {""year"": 2025, ""num"": 90}, {""year"": 2025, ""num"": 89}, {""year"": 2025, ""num"": 88}, {""year"": 2025, ""num"": 80}, {""year"": 2025, ""num"": 79}, {""year"": 2025, ""num"": 78}, {""year"": 2025, ""num"": 77}, {""year"": 2025, ""num"": 76}, {""year"": 2024, ""num"": 97}, {""year"": 2024, ""num"": 96}, {""year"": 2024, ""num"": 93}, {""year"": 2024, ""num"": 91}, {""year"": 2024, ""num"": 89}, {""year"": 2024, ""num"": 87}, {""year"": 2024, ""num"": 84}, {""year"": 2024, ""num"": 80}, {""year"": 2023, ""num"": 99}, {""year"": 2023, ""num"": 97}, {""year"": 2023, ""num"": 94}, {""year"": 2023, ""num"": 93}, {""year"": 2023, ""num"": 92}, {""year"": 2023, ""num"": 91}, {""year"": 2023, ""num"": 88}, {""year"": 2023, ""num"": 86}, {""year"": 2023, ""num"": 85}, {""year"": 2023, ""num"": 83}, {""year"": 2023, ""num"": 82}, {""year"": 2023, ""num"": 81}, {""year"": 2023, ""num"": 80}, {""year"": 2023, ""num"": 78}, {""year"": 2022, ""num"": 98}, {""year"": 2022, ""num"": 96}, {""year"": 2022, ""num"": 95}, {""year"": 2022, ""num"": 94}, {""year"": 2022, ""num"": 93}, {""year"": 2022, ""num"": 92}, {""year"": 2022, ""num"": 86}, {""year"": 2022, ""num"": 85}, {""year"": 2022, ""num"": 78}, {""year"": 2022, ""num"": 77}, {""year"": 2021, ""num"": 98}, {""year"": 2021, ""num"": 97}, {""year"": 2021, ""num"": 95}, {""year"": 2021, ""num"": 92}, {""year"": 2021, ""num"": 90}, {""year"": 2021, ""num"": 88}, {""year"": 2021, ""num"": 87}, {""year"": 2021, ""num"": 86}, {""year"": 2021, ""num"": 85}, {""year"": 2021, ""num"": 84}, {""year"": 2021, ""num"": 82}, {""year"": 2021, ""num"": 79}, {""year"": 2021, ""num"": 78}, {""year"": 2020, ""num"": 97}, {""year"": 2020, ""num"": 95}, {""year"": 2020, ""num"": 94}, {""year"": 2020, ""num"": 92}, {""year"": 2020, ""num"": 90}, {""year"": 2020, ""num"": 89}, {""year"": 2020, ""num"": 88}, {""year"": 2020, ""num"": 87}, {""year"": 2020, ""num"": 84}, {""year"": 2020, ""num"": 83}, {""year"": 2020, ""num"": 81}, {""year"": 2020, ""num"": 77}, {""year"": 2020, ""num"": 76}, {""year"": 2019, ""num"": 100}, {""year"": 2019, ""num"": 99}, {""year"": 2019, ""num"": 98}, {""year"": 2019, ""num"": 96}, {""year"": 2019, ""num"": 93}, {""year"": 2019, ""num"": 92}, {""year"": 2019, ""num"": 90}, {""year"": 2019, ""num"": 88}, {""year"": 2019, ""num"": 84}, {""year"": 2019, ""num"": 83}, {""year"": 2019, ""num"": 82}, {""year"": 2019, ""num"": 80}, {""year"": 2019, ""num"": 76}, {""year"": 2018, ""num"": 97}, {""year"": 2018, ""num"": 95}, {""year"": 2018, ""num"": 92}, {""year"": 2018, ""num"": 91}, {""year"": 2018, ""num"": 90}, {""year"": 2018, ""num"": 88}, {""year"": 2018, ""num"": 87}, {""year"": 2018, ""num"": 86}, {""year"": 2018, ""num"": 81}, {""year"": 2018, ""num"": 80}, {""year"": 2018, ""num"": 79}, {""year"": 2018, ""num"": 78}, {""year"": 2018, ""num"": 77}, {""year"": 2017, ""num"": 99}, {""year"": 2017, ""num"": 97}, {""year"": 2017, ""num"": 96}, {""year"": 2017, ""num"": 94}, {""year"": 2017, ""num"": 89}, {""year"": 2017, ""num"": 88}, {""year"": 2017, ""num"": 87}, {""year"": 2017, ""num"": 85}, {""year"": 2017, ""num"": 83}, {""year"": 2017, ""num"": 81}, {""year"": 2017, ""num"": 79}, {""year"": 2017, ""num"": 78}, {""year"": 2017, ""num"": 77}, {""year"": 2016, ""num"": 100}, {""year"": 2016, ""num"": 99}, {""year"": 2016, ""num"": 96}, {""year"": 2016, ""num"": 95}, {""year"": 2016, ""num"": 93}, {""year"": 2016, ""num"": 92}, {""year"": 2016, ""num"": 91}, {""year"": 2016, ""num"": 90}, {""year"": 2016, ""num"": 88}, {""year"": 2016, ""num"": 86}, {""year"": 2016, ""num"": 85}, {""year"": 2016, ""num"": 84}, {""year"": 2016, ""num"": 83}, {""year"": 2016, ""num"": 82}, {""year"": 2016, ""num"": 81}, {""year"": 2016, ""num"": 79}, {""year"": 2016, ""num"": 77}, {""year"": 2016, ""num"": 76}, {""year"": 2015, ""num"": 99}, {""year"": 2015, ""num"": 98}, {""year"": 2015, ""num"": 97}, {""year"": 2015, ""num"": 96}, {""year"": 2015, ""num"": 95}, {""year"": 2015, ""num"": 93}, {""year"": 2015, ""num"": 92}, {""year"": 2015, ""num"": 91}, {""year"": 2015, ""num"": 90}, {""year"": 2015, ""num"": 89}, {""year"": 2015, ""num"": 87}, {""year"": 2015, ""num"": 86}, {""year"": 2015, ""num"": 85}, {""year"": 2015, ""num"": 84}, {""year"": 2015, ""num"": 83}, {""year"": 2015, ""num"": 82}, {""year"": 2015, ""num"": 80}, {""year"": 2015, ""num"": 79}, {""year"": 2015, ""num"": 77}, {""year"": 2015, ""num"": 76}]"
77,SA,official,"1-a. IT 및 정보화 관련 표준, 국내외 표준화 동향",1. 공통기술,1,IT 표준 및 표준화 동향,"국내외 IT 표준(ISO, IEEE 등) 및 최신 표준화 동향을 묻습니다.",공통기술,"99. ‘정보기술아키텍처 도입·운영 지침(행정자치부고시 
제2014-4호, 2014.12.23)‘에 제시된 범정부 정보
기술아키텍처 참조모형의 종류에 대한 설명으로 
가장 거리가 먼 것은?
  ① 성과참조모형은 정보화 성과 제고 및 품질향상을 
위한 성과요소들을 분류하고 정의한 체계이다.
  ② 업무참조모형은 정보시스템에서 업무를 지원하는 
응용기능을 구현하기 위하여 필요한 정보기술 
및 표준들을 분류하고 정의한 체계이다.
  ③ 데이터참조모형은 데이터표준화 및 재사용과 데
이터관리를 지원하기 위하여 데이터를 분류하고 
표준 데이터구조를 정의한 체계이다.
  ④ 서비스참조모형은 응용서비스의 재활용과 효율적 
관리를 위하여 업무 및 조직에 독립적인 응용컴포
넌트를 기반으로 응용서비스를 분류하고 정의한 
체계이다.
- 20 -",2017,99,,[2017],"[{""year"": 2017, ""num"": 99}]"
78,SA,official,1-b. 정보기술 아키텍처(EA),1. 공통기술,4,EA 참조 모델 및 프레임워크,"EA의 구성 요소(BA, DA, TA, SA), 참조모델(TRM, SPB 등) 및 Zachman/TOGAF 프레임워크를 질문합니다.",공통기술,"99. ‘정보기술아키텍처 도입·운영 지침(행정자치부고시 
제2014-4호, 2014.12.23)‘에 제시된 범정부 정보
기술아키텍처 참조모형의 종류에 대한 설명으로 
가장 거리가 먼 것은?
  ① 성과참조모형은 정보화 성과 제고 및 품질향상을 
위한 성과요소들을 분류하고 정의한 체계이다.
  ② 업무참조모형은 정보시스템에서 업무를 지원하는 
응용기능을 구현하기 위하여 필요한 정보기술 
및 표준들을 분류하고 정의한 체계이다.
  ③ 데이터참조모형은 데이터표준화 및 재사용과 데
이터관리를 지원하기 위하여 데이터를 분류하고 
표준 데이터구조를 정의한 체계이다.
  ④ 서비스참조모형은 응용서비스의 재활용과 효율적 
관리를 위하여 업무 및 조직에 독립적인 응용컴포
넌트를 기반으로 응용서비스를 분류하고 정의한 
체계이다.
- 20 -",2017,99,,"[2015, 2017]","[{""year"": 2017, ""num"": 99}, {""year"": 2017, ""num"": 82}, {""year"": 2017, ""num"": 76}, {""year"": 2015, ""num"": 87}]"
79,SA,official,"2-a. 컴퓨터 구조론 : 디지털 논리회로, 명령어, 주소, CPU/GPU, 파이프라이닝, 기억장치, 입출력장치, 병렬처리 등",2. 아키텍처 설계 및 구축,63,컴퓨터 구조 및 하드웨어 제어,"디지털 논리회로, CPU 연산, 캐시 매핑, 파이프라인 해자드, 병렬 처리 연산을 다룹니다.",아키텍처 설계 및 구축,"95. 다음 보기에서 설명하고 있는 응용 계층 프로토콜로 
가장 적절한 것은?
보기
Ÿ
네트워크 관리자가 클라이언트에게 수동으로 
IP 주소를 할당하는 번거로움을 해결하기 위해 
사용된다. 
Ÿ
클라이언트가 네트워크에 접속할 때 IP 주소, 
서브넷 마스크, 기본 게이트웨이 주소 등을 
동적으로 임대해 준다. 
Ÿ
Discover, Offer, Request, Ack 등의 메시지 
교환 과정을 거친다.
  ① FTP
② SNMP
  ③ DHCP
④ NAT",2026,95,,"[2015, 2016, 2017, 2018, 2019, 2020, 2021, 2022, 2023, 2024, 2025, 2026]","[{""year"": 2026, ""num"": 95}, {""year"": 2026, ""num"": 89}, {""year"": 2026, ""num"": 86}, {""year"": 2025, ""num"": 96}, {""year"": 2025, ""num"": 91}, {""year"": 2025, ""num"": 90}, {""year"": 2025, ""num"": 86}, {""year"": 2025, ""num"": 85}, {""year"": 2025, ""num"": 84}, {""year"": 2025, ""num"": 83}, {""year"": 2024, ""num"": 93}, {""year"": 2024, ""num"": 89}, {""year"": 2024, ""num"": 87}, {""year"": 2024, ""num"": 82}, {""year"": 2024, ""num"": 81}, {""year"": 2024, ""num"": 77}, {""year"": 2023, ""num"": 95}, {""year"": 2023, ""num"": 92}, {""year"": 2023, ""num"": 87}, {""year"": 2023, ""num"": 84}, {""year"": 2022, ""num"": 99}, {""year"": 2022, ""num"": 97}, {""year"": 2022, ""num"": 93}, {""year"": 2022, ""num"": 89}, {""year"": 2022, ""num"": 84}, {""year"": 2022, ""num"": 83}, {""year"": 2022, ""num"": 81}, {""year"": 2022, ""num"": 78}, {""year"": 2021, ""num"": 100}, {""year"": 2021, ""num"": 94}, {""year"": 2021, ""num"": 91}, {""year"": 2021, ""num"": 81}, {""year"": 2021, ""num"": 80}, {""year"": 2020, ""num"": 100}, {""year"": 2020, ""num"": 93}, {""year"": 2020, ""num"": 78}, {""year"": 2019, ""num"": 97}, {""year"": 2019, ""num"": 95}, {""year"": 2019, ""num"": 94}, {""year"": 2019, ""num"": 91}, {""year"": 2019, ""num"": 87}, {""year"": 2019, ""num"": 86}, {""year"": 2019, ""num"": 81}, {""year"": 2019, ""num"": 79}, {""year"": 2018, ""num"": 99}, {""year"": 2018, ""num"": 96}, {""year"": 2018, ""num"": 94}, {""year"": 2018, ""num"": 93}, {""year"": 2018, ""num"": 89}, {""year"": 2018, ""num"": 87}, {""year"": 2018, ""num"": 83}, {""year"": 2017, ""num"": 100}, {""year"": 2017, ""num"": 91}, {""year"": 2017, ""num"": 90}, {""year"": 2017, ""num"": 86}, {""year"": 2017, ""num"": 80}, {""year"": 2016, ""num"": 97}, {""year"": 2016, ""num"": 91}, {""year"": 2016, ""num"": 80}, {""year"": 2015, ""num"": 100}, {""year"": 2015, ""num"": 83}, {""year"": 2015, ""num"": 78}, {""year"": 2015, ""num"": 77}]"
80,SA,official,"2-b. 하드웨어 : 서버, 스토리지, NAS, 백업장치, UPS, 항온항습기 등",2. 아키텍처 설계 및 구축,28,서버 및 백업 인프라 하드웨어,"서버 스펙 분석, NAS/SAN 스토리지 설계, UPS 전력 계산 및 항온항습 용량 평가를 질문합니다.",아키텍처 설계 및 구축,"81. RAID 1+0의표준적인구현방식에대한올바른
설명을모두고른것은?
가. RAID 1+0를구현하기위해서는최소한4개의
디스크가필요하다.
나. 데이터복구를위해패리티디스크를활용한다.
다. 임의의디스크하나에장애가발생하더라도전체
스토리지는정상적으로운영될수있다.
①가, 나
②가, 다
③나, 다
④가, 나, 다",2025,81,,"[2015, 2016, 2017, 2018, 2019, 2021, 2022, 2023, 2025]","[{""year"": 2025, ""num"": 81}, {""year"": 2025, ""num"": 76}, {""year"": 2023, ""num"": 100}, {""year"": 2023, ""num"": 96}, {""year"": 2023, ""num"": 86}, {""year"": 2023, ""num"": 80}, {""year"": 2022, ""num"": 99}, {""year"": 2022, ""num"": 97}, {""year"": 2021, ""num"": 99}, {""year"": 2021, ""num"": 94}, {""year"": 2021, ""num"": 92}, {""year"": 2021, ""num"": 83}, {""year"": 2019, ""num"": 93}, {""year"": 2019, ""num"": 89}, {""year"": 2019, ""num"": 77}, {""year"": 2019, ""num"": 76}, {""year"": 2018, ""num"": 96}, {""year"": 2018, ""num"": 85}, {""year"": 2018, ""num"": 79}, {""year"": 2017, ""num"": 90}, {""year"": 2017, ""num"": 88}, {""year"": 2017, ""num"": 80}, {""year"": 2016, ""num"": 94}, {""year"": 2015, ""num"": 98}, {""year"": 2015, ""num"": 97}, {""year"": 2015, ""num"": 94}, {""year"": 2015, ""num"": 86}, {""year"": 2015, ""num"": 81}]"
81,SA,official,"2-c. 아키텍처 설계 : N-Tier, RAID, 이중화, 부하분산, 가상화, 최적화, 고가용성, 용량산정, 백업/복구, 재해복구 등",2. 아키텍처 설계 및 구축,33,고가용성 이중화 및 재해복구 설계,"RAID 레벨 구성, 로드밸런싱 알고리즘, 이중화 구조, DR 센터 유형 및 가상화(하이퍼바이저/컨테이너) 설계를 중점 질문합니다.",아키텍처 설계 및 구축,"100. 도커 컨테이너(Container)와 가상 머신(Virtual Machine)의 
차이점에 대한 설명으로 가장 적절한 것은?
  ① 컨테이너는 하드웨어 수준의 가상화를 제공하여 
보안성이 가상 머신보다 뛰어나다.
  ② 가상 머신은 하이퍼바이저 없이 작동하며, 컨테
이너는 반드시 하이퍼바이저가 필요하다.
  ③ 가상 머신은 호스트 OS의 커널을 공유하지만, 
컨테이너는 독립된 커널을 포함한다.
  ④ 컨테이너는 가상 머신보다 오버헤드가 적고 시작 
속도가 매우 빠르다.
보  안",2026,100,,"[2015, 2016, 2017, 2018, 2019, 2020, 2021, 2022, 2023, 2024, 2025, 2026]","[{""year"": 2026, ""num"": 100}, {""year"": 2026, ""num"": 88}, {""year"": 2026, ""num"": 78}, {""year"": 2026, ""num"": 76}, {""year"": 2025, ""num"": 81}, {""year"": 2024, ""num"": 83}, {""year"": 2023, ""num"": 96}, {""year"": 2023, ""num"": 95}, {""year"": 2023, ""num"": 79}, {""year"": 2022, ""num"": 100}, {""year"": 2022, ""num"": 87}, {""year"": 2021, ""num"": 96}, {""year"": 2021, ""num"": 94}, {""year"": 2021, ""num"": 91}, {""year"": 2021, ""num"": 88}, {""year"": 2021, ""num"": 86}, {""year"": 2021, ""num"": 83}, {""year"": 2021, ""num"": 77}, {""year"": 2021, ""num"": 76}, {""year"": 2020, ""num"": 99}, {""year"": 2020, ""num"": 85}, {""year"": 2020, ""num"": 82}, {""year"": 2019, ""num"": 89}, {""year"": 2019, ""num"": 78}, {""year"": 2018, ""num"": 85}, {""year"": 2018, ""num"": 76}, {""year"": 2017, ""num"": 87}, {""year"": 2016, ""num"": 94}, {""year"": 2016, ""num"": 78}, {""year"": 2015, ""num"": 98}, {""year"": 2015, ""num"": 95}, {""year"": 2015, ""num"": 83}, {""year"": 2015, ""num"": 81}]"
82,SA,official,"2-d. 클라우드 기반 아키텍처, 전자정부 공통 기반, 서버리스 등",2. 아키텍처 설계 및 구축,1,클라우드 인프라 및 서버리스 아키텍처,"서버리스 가용성 보장, 전자정부 프레임워크 기반 연계 및 G-Cloud 구조를 다룹니다.",아키텍처 설계 및 구축,"99. 다음은 오픈소스 기반의 서버리스 프레임워크 도입
(TTAK.KO-10.1271)에 관한 설명이다. ㉮~㉱에 들
어갈 내용으로 가장 올바른 것은?
가. 서버리스 서비스 함수 내용이 컨테이너 단위로 
빌드되어 산출된 결과물을 위한 저장소인 (㉮)
를(을) 구축
나. 컨테이너 단위로 배포된 서버리스 함수를 운영, 
관리하기 위해서는 (㉯)라 불리우는 자동화 운영 
도구를 설치
다. (㉯) 설치 후, 컨테이너 운영환경을 관리하는 
(㉰)와 컨테이너 기능 수행을 위한 (㉱)가 포함
된 클러스터를 구성 
  ① ㉮ 컨테이너 레지스트리 
㉯ 컨테이너 오케스트레이터 
㉰ 마스터 노드 
㉱ 워커 노드
  ② ㉮ 컨테이너 레지스트리 
㉯ 컨테이너 오케스트레이터 
㉰ 워커 노드 
㉱ 마스터 노드
  ③ ㉮ 컨테이너 오케스트레이터 
㉯ 컨테이너 레지스트리 
㉰ 마스터 노드 
㉱ 워커 노드
  ④ ㉮ 컨테이너 오케스트레이터 
㉯ 컨테이너 레지스트리 
㉰ 워커 노드 
㉱ 마스터 노드",2021,99,,[2021],"[{""year"": 2021, ""num"": 99}]"
83,SA,official,"2-e. 공개SW(오픈소스) : 솔루션, 라이선스 정책 등",2. 아키텍처 설계 및 구축,7,오픈소스 생태계 라이선스 의무 사항,"GPL, Apache, MIT 라이선스의 법적 의무 사항 및 소스코드 공개 범위를 질문합니다.",아키텍처 설계 및 구축,"95. 다음 중 오픈소스 라이선스를 침해하는 행위에 
해당하는 것을 모두 고른 것은?
가. GPL3.0 라이브러리를 정적 링크 방식으로 연결
하여 상업용 소프트웨어를 개발, 배포하고 자체 
개발한 모듈의 소스코드를 공개하지 않았다.
나. LGPL3.0 라이브러리를 정적 링크 방식으로 연결
하여 상업용 소프트웨어를 개발, 배포하고 자체 
개발한 모듈의 소스코드를 공개하지 않았다.
다. Apache2.0 라이브러리를 정적 링크 방식으로 연
결하여 상업용 소프트웨어를 개발, 배포하고 자
체 개발한 모듈의 소스코드를 공개하지 않았다.
  ① 가
② 가, 나
  ③ 가, 나, 다
④ 모두 해당 없음",2022,95,,"[2017, 2018, 2019, 2020, 2021, 2022]","[{""year"": 2022, ""num"": 95}, {""year"": 2021, ""num"": 99}, {""year"": 2020, ""num"": 98}, {""year"": 2020, ""num"": 88}, {""year"": 2019, ""num"": 80}, {""year"": 2018, ""num"": 97}, {""year"": 2017, ""num"": 78}]"
84,SA,official,"2-f. 성능시험, 이중화 시험",2. 아키텍처 설계 및 구축,8,시스템 성능 튜닝 및 시험 방안,"성능 지표(TPS, 응답시간, 자원사용율) 분석 및 부하/이중화 장애 전환(Failover) 시험 요건을 검증합니다.",아키텍처 설계 및 구축,"80. A와B의2개의업무를갖는시스템에서A업무는
개별최대40 TPS(Transaction Per Second)에운영시
초당10개요청이발생하고B업무는개별최대400
TPS에운영시초당10개의요청이발생한다면이
시스템의최대TPS로가장적절한것은?
①36.363
②38.095
③66.666
④72.727",2025,80,,"[2015, 2016, 2018, 2021, 2025]","[{""year"": 2025, ""num"": 80}, {""year"": 2021, ""num"": 92}, {""year"": 2018, ""num"": 79}, {""year"": 2016, ""num"": 83}, {""year"": 2016, ""num"": 82}, {""year"": 2016, ""num"": 80}, {""year"": 2015, ""num"": 95}, {""year"": 2015, ""num"": 91}]"
85,SA,official,"3-a. 데이터 통신이론, 데이터 전송 방식 및 기술, OSI 참조 모델, 네트워크 프로토콜, IPv4/IPv6, LAN, WAN, 무선LAN, 인터네트워킹, 스토리지 전송 프로토콜, 네트워크 관리 등",3. 데이터 통신 및 네트워크 설계,63,네트워크 통신 이론 및 TCP/IP,"OSI 7계층 기능, IPv4/IPv6 헤더 비교, 서브네팅 연산, TCP 흐름 제어, SNMP 관리 방식을 검증합니다.",데이터 통신 및 네트워크 설계,"97. IPv6에서는 확장헤더를 갖고 있다. 다음 중 확장
헤더로 가장 적절하지 않은 것은?
  ① Fragmentation
  ② Destination
  ③ ESP(Encapsulating Security Payload)
  ④ Hop Limit",2026,97,,"[2015, 2016, 2017, 2018, 2019, 2020, 2021, 2022, 2023, 2024, 2025, 2026]","[{""year"": 2026, ""num"": 97}, {""year"": 2026, ""num"": 96}, {""year"": 2026, ""num"": 95}, {""year"": 2026, ""num"": 94}, {""year"": 2026, ""num"": 92}, {""year"": 2026, ""num"": 91}, {""year"": 2026, ""num"": 81}, {""year"": 2025, ""num"": 94}, {""year"": 2025, ""num"": 82}, {""year"": 2024, ""num"": 100}, {""year"": 2024, ""num"": 99}, {""year"": 2024, ""num"": 98}, {""year"": 2024, ""num"": 97}, {""year"": 2024, ""num"": 90}, {""year"": 2024, ""num"": 89}, {""year"": 2024, ""num"": 88}, {""year"": 2024, ""num"": 87}, {""year"": 2024, ""num"": 85}, {""year"": 2024, ""num"": 82}, {""year"": 2023, ""num"": 100}, {""year"": 2023, ""num"": 89}, {""year"": 2023, ""num"": 84}, {""year"": 2023, ""num"": 77}, {""year"": 2022, ""num"": 99}, {""year"": 2022, ""num"": 90}, {""year"": 2022, ""num"": 89}, {""year"": 2022, ""num"": 83}, {""year"": 2022, ""num"": 78}, {""year"": 2022, ""num"": 76}, {""year"": 2021, ""num"": 100}, {""year"": 2021, ""num"": 94}, {""year"": 2021, ""num"": 93}, {""year"": 2021, ""num"": 86}, {""year"": 2020, ""num"": 96}, {""year"": 2020, ""num"": 90}, {""year"": 2020, ""num"": 87}, {""year"": 2020, ""num"": 86}, {""year"": 2020, ""num"": 80}, {""year"": 2020, ""num"": 79}, {""year"": 2020, ""num"": 78}, {""year"": 2019, ""num"": 95}, {""year"": 2019, ""num"": 94}, {""year"": 2019, ""num"": 91}, {""year"": 2018, ""num"": 100}, {""year"": 2018, ""num"": 99}, {""year"": 2018, ""num"": 98}, {""year"": 2018, ""num"": 96}, {""year"": 2018, ""num"": 84}, {""year"": 2018, ""num"": 83}, {""year"": 2017, ""num"": 93}, {""year"": 2017, ""num"": 91}, {""year"": 2017, ""num"": 84}, {""year"": 2017, ""num"": 83}, {""year"": 2017, ""num"": 77}, {""year"": 2017, ""num"": 76}, {""year"": 2016, ""num"": 97}, {""year"": 2016, ""num"": 92}, {""year"": 2016, ""num"": 91}, {""year"": 2016, ""num"": 87}, {""year"": 2016, ""num"": 80}, {""year"": 2015, ""num"": 100}, {""year"": 2015, ""num"": 82}, {""year"": 2015, ""num"": 78}]"
86,SA,official,"3-b. 네트워크 장비 : 라우터, 스위치, 허브, 브리지, 백본 등",3. 데이터 통신 및 네트워크 설계,17,네트워크 중계 장비 아키텍처,"라우터, L2/L3/L4/L7 스위치의 차이점 및 스위치 로드밸런싱 구성을 평가합니다.",데이터 통신 및 네트워크 설계,"94. 다음에서설명하는VLAN(Virtual LAN) 프로토콜로
가장적절한것은?
여러VLAN 스위치를사용하는경우, 어떤VLAN 그룹에
속하는지뿐만아니라다른스위치에연결된시스템중
에서같은VLAN 그룹에속하는지를알아야한다. 프레임
태깅을정의한이프로토콜은MAC 프레임에추가적인
헤더를사용하여목적지VLAN을정의할수있다.
①IEEE 802.1D
②IEEE 802.1Q
③IEEE 802.3af
④IEEE 802.15.1",2025,94,,"[2015, 2016, 2018, 2019, 2020, 2021, 2022, 2023, 2024, 2025]","[{""year"": 2025, ""num"": 94}, {""year"": 2024, ""num"": 99}, {""year"": 2024, ""num"": 92}, {""year"": 2024, ""num"": 90}, {""year"": 2023, ""num"": 90}, {""year"": 2022, ""num"": 89}, {""year"": 2022, ""num"": 76}, {""year"": 2021, ""num"": 94}, {""year"": 2021, ""num"": 89}, {""year"": 2021, ""num"": 76}, {""year"": 2020, ""num"": 100}, {""year"": 2020, ""num"": 99}, {""year"": 2019, ""num"": 91}, {""year"": 2018, ""num"": 99}, {""year"": 2016, ""num"": 98}, {""year"": 2015, ""num"": 100}, {""year"": 2015, ""num"": 78}]"
87,SA,official,"3-c. 네트워크 설계 : 주소, 네트워크 분할, 가상화, 이중화, 스위칭, 라우팅 프로토콜 등",3. 데이터 통신 및 네트워크 설계,24,가상화 및 고신뢰 네트워크 설계,"IP 주소 설계, VLAN 구성, 라우팅 프로토콜(OSPF/BGP) 연산, 루핑 방지(STP/MSTP) 방안을 질문합니다.",데이터 통신 및 네트워크 설계,"100. 도커 컨테이너(Container)와 가상 머신(Virtual Machine)의 
차이점에 대한 설명으로 가장 적절한 것은?
  ① 컨테이너는 하드웨어 수준의 가상화를 제공하여 
보안성이 가상 머신보다 뛰어나다.
  ② 가상 머신은 하이퍼바이저 없이 작동하며, 컨테
이너는 반드시 하이퍼바이저가 필요하다.
  ③ 가상 머신은 호스트 OS의 커널을 공유하지만, 
컨테이너는 독립된 커널을 포함한다.
  ④ 컨테이너는 가상 머신보다 오버헤드가 적고 시작 
속도가 매우 빠르다.
보  안",2026,100,,"[2015, 2016, 2017, 2018, 2019, 2020, 2021, 2022, 2023, 2024, 2025, 2026]","[{""year"": 2026, ""num"": 100}, {""year"": 2026, ""num"": 94}, {""year"": 2025, ""num"": 94}, {""year"": 2024, ""num"": 92}, {""year"": 2023, ""num"": 96}, {""year"": 2023, ""num"": 95}, {""year"": 2023, ""num"": 89}, {""year"": 2022, ""num"": 91}, {""year"": 2022, ""num"": 89}, {""year"": 2022, ""num"": 88}, {""year"": 2021, ""num"": 96}, {""year"": 2021, ""num"": 94}, {""year"": 2021, ""num"": 93}, {""year"": 2021, ""num"": 91}, {""year"": 2021, ""num"": 89}, {""year"": 2021, ""num"": 77}, {""year"": 2020, ""num"": 80}, {""year"": 2019, ""num"": 89}, {""year"": 2018, ""num"": 85}, {""year"": 2017, ""num"": 98}, {""year"": 2016, ""num"": 94}, {""year"": 2016, ""num"": 89}, {""year"": 2015, ""num"": 88}, {""year"": 2015, ""num"": 81}]"
88,SA,official,"3-d. 근거리 통신 기술 : NFC, Zigbee, Beacon, Bluetooth 등",3. 데이터 통신 및 네트워크 설계,5,센서망 및 근거리 통신 프로토콜,"NFC 규격, Zigbee 토폴로지, BLE 비콘 설계 및 RFID 주파수대 특징을 질문합니다.",데이터 통신 및 네트워크 설계,"83. RFID(Radio Frequency IDentification)시스템에 
대한 설명으로 가장 적절하지 않은 것은?
  ① 공급사슬 전반에 걸쳐 재화의 움직임을 추적할 
수 있는 강력한 기술적 수단이다.
  ② RFID 태그는 바코드와는 달리 판독을 위해서 라인 
오브 사이트(Line of Sight) 방식을 요구하지 않는다.
  ③ 액티브(active) RFID는 내장전지에서 전력을 
얻으며 일반적으로 패시브(passive) RFID보다 
데이터 전송거리가 짧다.
  ④ 패시브 RFID는 자체적인 전력원을 가지고 있지 
않으며, 운영전력으로 RFID 판독기가 방출하는 
전력을 사용한다.",2017,83,,"[2015, 2016, 2017]","[{""year"": 2017, ""num"": 83}, {""year"": 2017, ""num"": 77}, {""year"": 2016, ""num"": 92}, {""year"": 2016, ""num"": 81}, {""year"": 2015, ""num"": 84}]"
89,SA,official,"3-e. 저전력 장거리 통신 기술 : Sigfox, LoRa, NB-IoT 등",3. 데이터 통신 및 네트워크 설계,2,LPWAN IoT 무선 기술,"LoRaWAN 아키텍처, Sigfox 특징 및 NB-IoT의 주파수 대역 배치 기법을 검증합니다.",데이터 통신 및 네트워크 설계,"99. 사전 학습된 대규모 모델은 이미 방대한 데이터로 
학습했지만, 새로운 데이터를 처리하거나 특정 
작업에 맞추려면 추가적인 파인튜팅이 필요하다. 
사전 학습된 모델의 구조를 그대로 유지하면서 
필요한 만큼만 파라미터를 효율적으로 수정하는 
기술로 가장 적절한 것은?
  ① RLHF(Reinforcement Learning from Human Feedback)
  ② LoRA(Low-Rank Adaptation)
  ③ RAG(Retrieval-Augmented Generation)
  ④ Few-shot Prompting",2026,99,,"[2020, 2026]","[{""year"": 2026, ""num"": 99}, {""year"": 2020, ""num"": 90}]"
90,SA,official,"3-f. 기타 데이터 통신 기술 : WiFi, HSDPA, WPAN, BcN, ADN, CDN, NFV, SDN",3. 데이터 통신 및 네트워크 설계,6,최신 네트워크 인프라 기술,"CDN 설계, SDN/NFV 가상화 원리 및 WPAN 규격을 다룹니다.",데이터 통신 및 네트워크 설계,"95. 다음중SDN(Software Defined Networking)에
대한설명으로가장적절한것은?
①SDN의제어평면과응용평면은Southbound
Interface를통해연결된다.
②SDN은OpenFlow와같은소프트웨어기반컨트롤러
를네트워크장비에내장하여, 트래픽전달동작을
하드웨어에서직접제어하는방식이다.
③Control Data Plane Interface는데이터평면의
포워딩제어및정보수집을위한인터페이스로
OpenFlow가대표적인프로토콜이다.
④데이터평면은SDN 컨트롤러가직접구성한고정
라우팅테이블을사용해자율적으로트래픽을
제어하며, 제어
평면과는
별도의
연결
없이
독립적으로동작한다.",2025,95,,"[2015, 2016, 2021, 2022, 2025]","[{""year"": 2025, ""num"": 95}, {""year"": 2022, ""num"": 88}, {""year"": 2021, ""num"": 91}, {""year"": 2021, ""num"": 86}, {""year"": 2016, ""num"": 85}, {""year"": 2015, ""num"": 83}]"
91,SA,official,"4-a. 클라우드 컴퓨팅, 빅데이터 플랫폼, 사물인터넷, AI, 머신러닝, 블록체인, 메타버스, 스마트카, VR/AR, 3D프린팅, 드론, 스마트시티 등",4. 기타 신기술,25,신기술 아키텍처 및 플랫폼,"빅데이터 하둡 에코시스템, IoT 플랫폼 아키텍처, 인공지능 머신러닝 인프라 구성 및 블록체인 합의 알고리즘을 질문합니다.",기타 신기술,"90. 에이전트가 자신의 행동과 경험(시행착오)에서 얻은 
피드백을 사용하여 보상을 최대화하는 방향으로 
학습하는 머신러닝 기술로 가장 적절한 것은?
  ① 지도 학습
② 비지도 학습
  ③ 강화 학습
④ 준지도 학습
- 19 -",2026,90,,"[2015, 2016, 2017, 2018, 2019, 2020, 2021, 2022, 2023, 2024, 2025, 2026]","[{""year"": 2026, ""num"": 90}, {""year"": 2025, ""num"": 77}, {""year"": 2024, ""num"": 95}, {""year"": 2024, ""num"": 76}, {""year"": 2023, ""num"": 78}, {""year"": 2022, ""num"": 98}, {""year"": 2022, ""num"": 96}, {""year"": 2022, ""num"": 86}, {""year"": 2021, ""num"": 79}, {""year"": 2021, ""num"": 78}, {""year"": 2020, ""num"": 90}, {""year"": 2020, ""num"": 88}, {""year"": 2020, ""num"": 76}, {""year"": 2019, ""num"": 96}, {""year"": 2019, ""num"": 84}, {""year"": 2019, ""num"": 80}, {""year"": 2018, ""num"": 92}, {""year"": 2018, ""num"": 90}, {""year"": 2018, ""num"": 88}, {""year"": 2017, ""num"": 85}, {""year"": 2017, ""num"": 82}, {""year"": 2016, ""num"": 93}, {""year"": 2015, ""num"": 91}, {""year"": 2015, ""num"": 87}, {""year"": 2015, ""num"": 81}]"
92,SA,official,[기타],기타,112,기출문제 중 가이드라인 세부 중단원에 포함되지 않는 복합/기타 문항들입니다.,기타 분류 문제를 검토하여 변형 기출을 대비하세요.,기타 영역,"98. 대역폭이 3000Hz인 통신 채널에서 신호 대 잡음
비가 31일 때 섀넌(Shannon)의 정리에 따른 이 채
널의 이론적인 최대 전송률로 가장 적절한 것은? 
(단, 채널은 백색 잡음 환경을 가정하며, 주어진 
신호 대 잡음비는 dB이 아닌 순수 비율 값이다.)
  ① 15000 bps
② 30000 bps
  ③ 45000 bps
④ 93000 bps",2026,98,,"[2015, 2016, 2017, 2018, 2019, 2020, 2021, 2022, 2023, 2024, 2025, 2026]","[{""year"": 2026, ""num"": 98}, {""year"": 2026, ""num"": 93}, {""year"": 2026, ""num"": 87}, {""year"": 2026, ""num"": 85}, {""year"": 2026, ""num"": 84}, {""year"": 2026, ""num"": 83}, {""year"": 2026, ""num"": 82}, {""year"": 2026, ""num"": 80}, {""year"": 2026, ""num"": 79}, {""year"": 2026, ""num"": 77}, {""year"": 2025, ""num"": 100}, {""year"": 2025, ""num"": 99}, {""year"": 2025, ""num"": 98}, {""year"": 2025, ""num"": 97}, {""year"": 2025, ""num"": 93}, {""year"": 2025, ""num"": 92}, {""year"": 2025, ""num"": 89}, {""year"": 2025, ""num"": 88}, {""year"": 2025, ""num"": 87}, {""year"": 2025, ""num"": 79}, {""year"": 2025, ""num"": 78}, {""year"": 2024, ""num"": 96}, {""year"": 2024, ""num"": 94}, {""year"": 2024, ""num"": 91}, {""year"": 2024, ""num"": 86}, {""year"": 2024, ""num"": 84}, {""year"": 2024, ""num"": 80}, {""year"": 2024, ""num"": 79}, {""year"": 2024, ""num"": 78}, {""year"": 2023, ""num"": 99}, {""year"": 2023, ""num"": 98}, {""year"": 2023, ""num"": 97}, {""year"": 2023, ""num"": 94}, {""year"": 2023, ""num"": 93}, {""year"": 2023, ""num"": 91}, {""year"": 2023, ""num"": 88}, {""year"": 2023, ""num"": 85}, {""year"": 2023, ""num"": 83}, {""year"": 2023, ""num"": 82}, {""year"": 2023, ""num"": 81}, {""year"": 2023, ""num"": 76}, {""year"": 2022, ""num"": 94}, {""year"": 2022, ""num"": 92}, {""year"": 2022, ""num"": 85}, {""year"": 2022, ""num"": 82}, {""year"": 2022, ""num"": 80}, {""year"": 2022, ""num"": 79}, {""year"": 2022, ""num"": 77}, {""year"": 2021, ""num"": 98}, {""year"": 2021, ""num"": 97}, {""year"": 2021, ""num"": 95}, {""year"": 2021, ""num"": 90}, {""year"": 2021, ""num"": 87}, {""year"": 2021, ""num"": 85}, {""year"": 2021, ""num"": 84}, {""year"": 2021, ""num"": 82}, {""year"": 2020, ""num"": 97}, {""year"": 2020, ""num"": 95}, {""year"": 2020, ""num"": 94}, {""year"": 2020, ""num"": 92}, {""year"": 2020, ""num"": 91}, {""year"": 2020, ""num"": 89}, {""year"": 2020, ""num"": 84}, {""year"": 2020, ""num"": 83}, {""year"": 2020, ""num"": 81}, {""year"": 2020, ""num"": 77}, {""year"": 2019, ""num"": 100}, {""year"": 2019, ""num"": 99}, {""year"": 2019, ""num"": 98}, {""year"": 2019, ""num"": 92}, {""year"": 2019, ""num"": 90}, {""year"": 2019, ""num"": 88}, {""year"": 2019, ""num"": 85}, {""year"": 2019, ""num"": 83}, {""year"": 2019, ""num"": 82}, {""year"": 2018, ""num"": 95}, {""year"": 2018, ""num"": 91}, {""year"": 2018, ""num"": 86}, {""year"": 2018, ""num"": 82}, {""year"": 2018, ""num"": 81}, {""year"": 2018, ""num"": 80}, {""year"": 2018, ""num"": 78}, {""year"": 2018, ""num"": 77}, {""year"": 2017, ""num"": 97}, {""year"": 2017, ""num"": 96}, {""year"": 2017, ""num"": 95}, {""year"": 2017, ""num"": 94}, {""year"": 2017, ""num"": 92}, {""year"": 2017, ""num"": 89}, {""year"": 2017, ""num"": 81}, {""year"": 2017, ""num"": 79}, {""year"": 2016, ""num"": 100}, {""year"": 2016, ""num"": 99}, {""year"": 2016, ""num"": 96}, {""year"": 2016, ""num"": 95}, {""year"": 2016, ""num"": 90}, {""year"": 2016, ""num"": 88}, {""year"": 2016, ""num"": 86}, {""year"": 2016, ""num"": 84}, {""year"": 2016, ""num"": 79}, {""year"": 2016, ""num"": 77}, {""year"": 2016, ""num"": 76}, {""year"": 2015, ""num"": 99}, {""year"": 2015, ""num"": 96}, {""year"": 2015, ""num"": 93}, {""year"": 2015, ""num"": 92}, {""year"": 2015, ""num"": 90}, {""year"": 2015, ""num"": 89}, {""year"": 2015, ""num"": 85}, {""year"": 2015, ""num"": 80}, {""year"": 2015, ""num"": 79}, {""year"": 2015, ""num"": 76}]"
93,SC,frequent,대표적 웹 보안 취약점 공격 기법 (SQLi/XSS/CSRF),네트워크 및 시스템 보안,32,입력값 검증 미흡에 따른 웹 서비스 상의 악성 스크립트 및 쿼리 실행 해킹,"SQL Injection(악성 SQL 구문 삽입), XSS(사용자 브라우저에서 스크립트 실행 -> 세션 탈취), CSRF(사용자의 권한을 도용하여 서버에 불법 요청 전송)의 원리와 방어책을 묻습니다.",네트워크 및 시스템 보안 -> 웹 보안 취약점,"109. 다음 중 스트림 암호(Stream Cipher)의 일반적인 
특성에 대한 설명으로 가장 적절하지 않은 것은?
  ① 스트림 암호는 일반적으로 평문(plaintext)과 키 스트림
(key stream)을 XOR 연산하여 암호문(ciphertext)을 
생성한다.
  ② 스트림 암호는 보통 블록 암호보다 지연(latency)이 
낮고 실시간 통신 환경에서 효율적으로 사용될 
수 있다.
  ③ 동일한 키와 초기값(IV)을 의사난수 생성기(PRNG)에 
입력하여 생성된 키 스트림을 서로 다른 여러 
메시지에 재사용할 경우 보안 취약점이 발생할 
수 있다.
  ④ 스트림 암호는 전송 중 암호문 내 하나의 비트
에서 오류가 발생하면, 복호화 과정에서 해당 
위치 이후의 모든 평문 데이터에 오류가 전파되는 
특성을 갖는다.",2026,109,,"[2016, 2017, 2018, 2019, 2020, 2021, 2023, 2024, 2025, 2026]","[{""year"": 2026, ""num"": 109}, {""year"": 2026, ""num"": 107}, {""year"": 2026, ""num"": 106}, {""year"": 2026, ""num"": 104}, {""year"": 2026, ""num"": 103}, {""year"": 2026, ""num"": 101}, {""year"": 2025, ""num"": 116}, {""year"": 2025, ""num"": 115}, {""year"": 2025, ""num"": 113}, {""year"": 2025, ""num"": 111}, {""year"": 2024, ""num"": 105}, {""year"": 2023, ""num"": 118}, {""year"": 2023, ""num"": 114}, {""year"": 2023, ""num"": 106}, {""year"": 2021, ""num"": 113}, {""year"": 2021, ""num"": 110}, {""year"": 2020, ""num"": 110}, {""year"": 2020, ""num"": 106}, {""year"": 2020, ""num"": 102}, {""year"": 2019, ""num"": 115}, {""year"": 2019, ""num"": 113}, {""year"": 2019, ""num"": 112}, {""year"": 2019, ""num"": 110}, {""year"": 2019, ""num"": 104}, {""year"": 2018, ""num"": 115}, {""year"": 2018, ""num"": 112}, {""year"": 2018, ""num"": 110}, {""year"": 2017, ""num"": 118}, {""year"": 2017, ""num"": 116}, {""year"": 2017, ""num"": 113}, {""year"": 2017, ""num"": 108}, {""year"": 2016, ""num"": 110}]"
94,SC,frequent,대칭키 및 비대칭키 암호화 알고리즘 비교 (AES/RSA/ECC),공통 보안 기술,27,키의 형태에 따른 데이터 기밀성 보장 알고리즘 특징 및 연산 효율 대조,"대칭키(블록 암호: AES/SEED, 스트림 암호: RC4)와 비대칭키(RSA, ECC - 짧은 키 길이로 고효율)의 연산 속도 및 키 관리 측면 장단점을 주로 출제합니다.",공통 보안 기술 -> 암호학 -> 암호 알고리즘,"113. 다음 암호에 대한 설명 중 가장 적절하지 않은 
것은?
  ① ID기반 암호는 각 개체의 ID나 메일주소 등을 기
반으로 공개키가 생성되어 키 관리가 용이하다.
  ② 동형암호는 암호화된 데이터의 내용을 모르고 
암호화된 채로 더하거나 곱할 수 있는 암호방
식으로 클라우드 환경에서 대용량의 민감정보
를 처리하는 서비스에는 적절하지 못하다.
  ③ 프록시 재암호는 암호문을 해독하지 않고 다른 
사람이 해독할 수 있는 암호문으로 변환하는 
암호방식으로 클라우드 서비스에 적용하기 좋
은 암호이다.
  ④ 속성기반 암호는 키와 암호 해독자의 속성을 
지정하여 암호를 해독할 수 있는지 여부를 제어
할 수 있는 암호방식이다.",2026,113,,"[2015, 2016, 2018, 2019, 2020, 2021, 2022, 2023, 2024, 2025, 2026]","[{""year"": 2026, ""num"": 113}, {""year"": 2026, ""num"": 109}, {""year"": 2025, ""num"": 114}, {""year"": 2025, ""num"": 101}, {""year"": 2024, ""num"": 117}, {""year"": 2024, ""num"": 115}, {""year"": 2024, ""num"": 106}, {""year"": 2023, ""num"": 103}, {""year"": 2022, ""num"": 104}, {""year"": 2022, ""num"": 102}, {""year"": 2021, ""num"": 118}, {""year"": 2021, ""num"": 106}, {""year"": 2021, ""num"": 104}, {""year"": 2020, ""num"": 120}, {""year"": 2020, ""num"": 119}, {""year"": 2020, ""num"": 117}, {""year"": 2020, ""num"": 111}, {""year"": 2019, ""num"": 119}, {""year"": 2019, ""num"": 118}, {""year"": 2019, ""num"": 106}, {""year"": 2019, ""num"": 102}, {""year"": 2018, ""num"": 111}, {""year"": 2018, ""num"": 102}, {""year"": 2016, ""num"": 118}, {""year"": 2015, ""num"": 115}, {""year"": 2015, ""num"": 114}, {""year"": 2015, ""num"": 102}]"
95,SC,frequent,개인정보보호법 고유식별정보 및 가명조치 기술,정보보호 법규 및 개인정보보호,27,개인정보 오남용 방지를 위한 법적 준수사항 및 데이터 비식별 처리 기법,"고유식별정보(주민등록번호, 여권번호 등)의 처리 요건, 가명정보(추가 정보 없이는 식별 불가 -> 통계/연구용 활용)와 익명정보의 차이, 그리고 비식별 기술(K-익명성, L-다양성)을 묻습니다.",정보보호 법규 및 개인정보보호 -> 개인정보 비식별 조치,"108. 다음 중 개인정보보호법 상 개인정보처리자가 
개인정보의 처리에 대하여 정보주체의 동의를 
받는 방법으로 가장 적절하지 않은 것은?
  ① 동의 내용이 적힌 서면을 정보주체에게 직접 발급
하거나 우편 또는 팩스 등의 방법으로 전달하고, 
정보주체가 서명하거나 날인한 동의서를 받는 방법
  ② 전화를 통하여 동의 내용을 정보주체에게 알리고 
동의의 의사표시를 확인하는 방법
  ③ 전화를 통하여 동의 내용을 정보주체에게 알리고 
정보주체에게 인터넷주소 등을 통하여 동의 사항을 
확인하도록 하는 방법
  ④ 인터넷 홈페이지 등에 동의 내용을 게재하고 정보
주체가 동의 여부를 표시하도록 하는 방법",2026,108,,"[2015, 2016, 2017, 2018, 2019, 2021, 2022, 2023, 2024, 2025, 2026]","[{""year"": 2026, ""num"": 108}, {""year"": 2026, ""num"": 105}, {""year"": 2025, ""num"": 120}, {""year"": 2025, ""num"": 119}, {""year"": 2025, ""num"": 118}, {""year"": 2025, ""num"": 117}, {""year"": 2024, ""num"": 111}, {""year"": 2024, ""num"": 108}, {""year"": 2023, ""num"": 120}, {""year"": 2023, ""num"": 119}, {""year"": 2023, ""num"": 108}, {""year"": 2022, ""num"": 114}, {""year"": 2021, ""num"": 120}, {""year"": 2021, ""num"": 118}, {""year"": 2021, ""num"": 114}, {""year"": 2019, ""num"": 109}, {""year"": 2019, ""num"": 108}, {""year"": 2018, ""num"": 119}, {""year"": 2018, ""num"": 115}, {""year"": 2017, ""num"": 119}, {""year"": 2017, ""num"": 117}, {""year"": 2017, ""num"": 104}, {""year"": 2016, ""num"": 112}, {""year"": 2016, ""num"": 102}, {""year"": 2015, ""num"": 118}, {""year"": 2015, ""num"": 106}, {""year"": 2015, ""num"": 101}]"
96,SC,frequent,전송 계층 보안 암호 프로토콜 (SSL/TLS / IPsec),공통 보안 기술,18,네트워크 통신망을 지나는 패킷의 위변조 방지 및 암호화 전송 표준 프로토콜,"TLS 레코드 및 핸드셰이크 프로토콜의 단계별 동작 원리, 그리고 IPsec의 두 가지 모드(전송 모드: 페이로드만 암호화, 터널 모드: 헤더 포함 전체 암호화) 차이를 대조 질문합니다.",공통 보안 기술 -> 암호학 -> 전송 프로토콜,"120. 다음은 네트워크 보안 기술 및 대표적인 네트워크 
공격 유형에 대한 설명이다. 이 중 가장 적절하지 
않은 설명은?
  ① 네트워크 세그멘테이션(Network Segmentation)은 
네트워크를 여러 보안 영역으로 논리적 또는 
물리적으로 분리하여 공격 확산을 방지하고 
보안 정책 적용을 용이하게 하는 보안 기법이다.
  ② TLS(Transport Layer Security)는 통신 데이터의 
기밀성과 무결성 기능 대신에 안전한 네트워크 
라우팅 기능을 제공하기 위한 보안 프로토콜이다.
  ③ DNSSEC(Domain Name System Security Extensions)는 
DNS 응답 데이터의 무결성(integrity)과 출처 인증
(authentication of origin)을 제공하기 위한 보안 
기술이다.
  ④ Smurf Attack은 네트워크 자원을 소모시켜 정상
적인 서비스를 제공하지 못하게 하는 서비스 거부 
공격(DoS) 유형에 해당한다.
- 25 -",2026,120,,"[2015, 2016, 2017, 2019, 2020, 2021, 2022, 2023, 2024, 2025, 2026]","[{""year"": 2026, ""num"": 120}, {""year"": 2025, ""num"": 108}, {""year"": 2025, ""num"": 107}, {""year"": 2025, ""num"": 105}, {""year"": 2024, ""num"": 112}, {""year"": 2023, ""num"": 104}, {""year"": 2023, ""num"": 102}, {""year"": 2022, ""num"": 120}, {""year"": 2021, ""num"": 115}, {""year"": 2020, ""num"": 112}, {""year"": 2020, ""num"": 101}, {""year"": 2019, ""num"": 120}, {""year"": 2017, ""num"": 120}, {""year"": 2017, ""num"": 105}, {""year"": 2017, ""num"": 102}, {""year"": 2016, ""num"": 103}, {""year"": 2015, ""num"": 116}, {""year"": 2015, ""num"": 103}]"
97,SC,frequent,암호학적 해시 함수 및 충돌 저항성 (SHA/MD5),공통 보안 기술,11,일방향성을 가진 고정 길이 메시지 다이제스트 산출 기술,"역상 저항성(다이제스트에서 평문 유추 불가능), 제2역상 저항성(동일 다이제스트를 내는 평문 찾기 불가능), 충돌 저항성(동일 다이제스트를 내는 평문 쌍 찾기 불가능)을 질문합니다.",공통 보안 기술 -> 암호학 -> 해시 함수,"114. 블록체인은참여자들이수행하는모든트랜잭션들을
모은장부라고할수있다. 다음중블록체인의
특성에대한설명으로가장적절하지않은것은?
①블록체인은분산시스템이다.
②블록체인상의트랜잭션유효성에대한검증은
어떤참여자라도수행할수있다.
③블록체인상의트랜잭션에대한취소는해당
트랜잭션의삭제를통해이루어진다.
④블록체인을보호하기위해공개키암호, 해시함수
등과같은기술을사용할수있다.",2025,114,,"[2015, 2017, 2018, 2020, 2021, 2024, 2025]","[{""year"": 2025, ""num"": 114}, {""year"": 2025, ""num"": 102}, {""year"": 2024, ""num"": 116}, {""year"": 2024, ""num"": 106}, {""year"": 2021, ""num"": 118}, {""year"": 2021, ""num"": 106}, {""year"": 2020, ""num"": 116}, {""year"": 2018, ""num"": 107}, {""year"": 2017, ""num"": 105}, {""year"": 2015, ""num"": 115}, {""year"": 2015, ""num"": 107}]"
98,SC,frequent,네트워크 차단 및 보안 장비 (방화벽/IDS/IPS),네트워크 및 시스템 보안,11,비인가 패킷 흐름을 탐지/차단하여 사설망을 보호하는 게이트웨이 보안 시스템,"방화벽(IP/Port 제어), IDS(오용/이상 탐지 및 모니터링), IPS(인라인 실시간 위협 차단)의 장비 배치 및 탐지 수준 차이를 구분하는 문제가 빈출됩니다.",네트워크 및 시스템 보안 -> 네트워크 보안,"119. 다음은 방화벽에 대한 설명이다. 이 중 가장 
적절하지 않은 설명은?
  ① 상태 기반 방화벽(Stateful Firewall)은 연결 상태 
정보를 추적하여 패킷을 필터링한다.
  ② 애플리케이션 방화벽은 HTTP, FTP 등 응용계층 
트래픽을 제어할 수 있다.
  ③ 패킷 필터링 방화벽은 데이터의 내용(payload)을 
깊이 분석하여 공격을 탐지한다.
  ④ 방화벽은 네트워크 경계에서 접근제어 정책을 
적용한다.",2026,119,,"[2015, 2016, 2018, 2020, 2022, 2024, 2026]","[{""year"": 2026, ""num"": 119}, {""year"": 2024, ""num"": 112}, {""year"": 2022, ""num"": 109}, {""year"": 2022, ""num"": 107}, {""year"": 2020, ""num"": 105}, {""year"": 2018, ""num"": 116}, {""year"": 2018, ""num"": 101}, {""year"": 2016, ""num"": 109}, {""year"": 2016, ""num"": 103}, {""year"": 2015, ""num"": 117}, {""year"": 2015, ""num"": 116}]"
99,SC,frequent,콘텐츠 저작권 통제 기술 (DRM / 워터마크),응용 및 신기술 보안,7,디지털 콘텐츠 유통 전 과정의 저작권 보호 및 무단 배포 방지 기술,"DRM 패키징 구성 요소(클리어링 하우스, 패키저, 라이선스 서버 등)의 역할과 워터마킹(비가시적 저작권 정보 삽입) 및 핑거프린팅(구매자 정보 삽입 -> 추적)의 특징 차이를 묻습니다.",응용 및 신기술 보안 -> 디지털 콘텐츠 보안,"108. 다음설명에대한보안기술로가장적절한것은?
과거의
IP
관리
시스템에서
발전한
솔루션으로,
MAC 주소를기반으로접근제어및인증을수행
하여임의의사용자가접속하는것을차단한다.
①VPN (Virtual Private Network)
②VLAN (Virtual Local Area Network)
③DRM (Digital Right Management)
④NAC (Network Access Control)",2025,108,,"[2016, 2017, 2018, 2022, 2023, 2024, 2025]","[{""year"": 2025, ""num"": 108}, {""year"": 2024, ""num"": 103}, {""year"": 2023, ""num"": 113}, {""year"": 2022, ""num"": 119}, {""year"": 2018, ""num"": 103}, {""year"": 2017, ""num"": 103}, {""year"": 2016, ""num"": 113}]"
100,SC,frequent,정보보호 관리체계 ISMS-P 인증 기준,정보보호 법규 및 개인정보보호,7,종합 정보보호 및 개인정보보호 관리체계의 적합성을 평가하는 국가 공인 인증제도,"3대 영역인 관리체계 수립/운영(16개), 보호대책 요구사항(64개), 개인정보 처리 단계별 요구사항(22개)의 하위 통제 항목 구별과 인증 의무 대상자 요건이 기출됩니다.",정보보호 법규 및 개인정보보호 -> 정보보호 인증,"117. 정보보호 관리체계 인증 등에 관한 고시(과기정
통부고시 제2017-7호)의 [별표 7] 정보보호 관리
체계 인증기준 중 물리적 보안 통제분야의 통제
사항과 가장 거리가 먼 것은?
  ① 개발과 운영환경 분리    ② 출입통제
  ③ 시스템 배치 및 관리     ④ 개인업무 환경보안
- 22 -",2018,117,,"[2015, 2017, 2018]","[{""year"": 2018, ""num"": 117}, {""year"": 2018, ""num"": 108}, {""year"": 2017, ""num"": 117}, {""year"": 2017, ""num"": 112}, {""year"": 2015, ""num"": 120}, {""year"": 2015, ""num"": 105}, {""year"": 2015, ""num"": 104}]"
101,SC,frequent,보안 공격 유형 및 대응 (DDoS/APT/Ransomware),네트워크 및 시스템 보안,7,시스템 자원을 고갈시키거나 표적 공격을 감행하는 악의적인 네트워크 해킹 및 악성코드 형태,"DDoS 공격 유형(HTTP Get Flooding, DRDoS - 반사 서버 이용), APT(지속적 표적 공격 수명주기), 랜섬웨어의 암호화 피해 특징을 사례 기반으로 출제합니다.",네트워크 및 시스템 보안 -> 시스템 해킹,"109. 다음에서설명하는악성코드로가장적절한것은?
자신의내부에압축또는암호화된형태로포함되어
있는데이터를이용하여악성코드를생성하는방식
으로동작하며, 백신프로그램을통한탐지가어렵고
실제실행을해보지않고서는악성코드여부를확인
하는것이어렵다.
①Dropper
②Keylogger
③Adware
④Spyware",2025,109,,"[2019, 2020, 2021, 2022, 2025]","[{""year"": 2025, ""num"": 109}, {""year"": 2022, ""num"": 118}, {""year"": 2021, ""num"": 113}, {""year"": 2020, ""num"": 113}, {""year"": 2020, ""num"": 106}, {""year"": 2019, ""num"": 117}, {""year"": 2019, ""num"": 104}]"
102,SC,frequent,SW 개발보안 시큐어 코딩 및 7대 취약 영역,개발 및 운영 보안,6,SW 설계/구현 단계부터 보안 취약점을 예방하기 위해 준수하는 개발 가이드,"행정안전부 시큐어코딩 7대 취약 영역(입력데이터 검증 및 표현, 보안기능, 시간 및 상태, 에러 처리, 코드오류, 캡슐화, API 오용)의 세부 명세와 소스코드 분석이 단골 출제됩니다.",개발 및 운영 보안 -> 소프트웨어 개발 보안,"109. 다음 중 스트림 암호(Stream Cipher)의 일반적인 
특성에 대한 설명으로 가장 적절하지 않은 것은?
  ① 스트림 암호는 일반적으로 평문(plaintext)과 키 스트림
(key stream)을 XOR 연산하여 암호문(ciphertext)을 
생성한다.
  ② 스트림 암호는 보통 블록 암호보다 지연(latency)이 
낮고 실시간 통신 환경에서 효율적으로 사용될 
수 있다.
  ③ 동일한 키와 초기값(IV)을 의사난수 생성기(PRNG)에 
입력하여 생성된 키 스트림을 서로 다른 여러 
메시지에 재사용할 경우 보안 취약점이 발생할 
수 있다.
  ④ 스트림 암호는 전송 중 암호문 내 하나의 비트
에서 오류가 발생하면, 복호화 과정에서 해당 
위치 이후의 모든 평문 데이터에 오류가 전파되는 
특성을 갖는다.",2026,109,,"[2016, 2017, 2021, 2026]","[{""year"": 2026, ""num"": 109}, {""year"": 2026, ""num"": 104}, {""year"": 2021, ""num"": 110}, {""year"": 2017, ""num"": 108}, {""year"": 2016, ""num"": 105}, {""year"": 2016, ""num"": 104}]"
103,SC,frequent,인증 프레임워크 OAuth 2.0 프로토콜,응용 및 신기술 보안,4,제3자 애플리케이션에 사용자 리소스 접근 권한을 안전하게 위임하는 표준 프레임워크,"4가지 권한 부여 승인 코드 방식(Authorization Code, Implicit, Resource Owner Password, Client Credentials)의 흐름과 Access Token 발급 절차를 주로 다룹니다.",응용 및 신기술 보안 -> 접근 통제 및 인증,"104. 다음은 API 보안 취약점에 대한 설명이다. 각 설명에 
해당하는 취약점으로 가장 올바르게 짝지은 것은?
A. API에서 요청 대상이 되는 리소스 식별자(resource 
identifier)를 변경하거나 조작하여 권한이 없는 
다른 사용자의 데이터나 리소스에 접근할 수 
있는 취약점이다. 이 취약점은 API 서버가 요청된 
리소스에 대해 사용자의 접근 권한을 충분히 
검증하지 않을 때 발생한다.
B. API 요청 처리 과정에서 인증 또는 권한 검증 
절차가 미흡하여, 공격자가 관리자 기능 또는 
민감한 API 기능을 실행할 수 있는 취약점이다. 
API에서 인증 정보(예: 토큰, 세션, API Key)의 
검증 또는 관리가 부적절하여 공격자가 정상 
사용자의 인증 상태를 위조하거나 우회하여 
API 기능에 접근할 수 있는 취약점이다.
ㄱ. Broken Object Level Authorization
ㄴ. Broken Authentication
ㄷ. Unrestricted Resource Consumption
ㄹ. Security Misconfiguration
  ① A-ㄱ, B-ㄴ
② A-ㄴ, B-ㄱ
  ③ A-ㄱ, B-ㄷ
④ A-ㄹ, B-ㄴ",2026,104,,"[2017, 2019, 2020, 2026]","[{""year"": 2026, ""num"": 104}, {""year"": 2020, ""num"": 111}, {""year"": 2019, ""num"": 109}, {""year"": 2017, ""num"": 105}]"
104,SC,frequent,클라우드 보안인증제도 (CSAP) 운영 기준,응용 및 신기술 보안,3,공공기관에 클라우드 서비스를 제공하는 민간 사업자의 보안성 평가 인증 표준,CSAP 등급제(상/중/하)에 따른 데이터 물리적 분리(망분리) 의무 요건 및 시나리오별 적합 등급 선정 조항을 확인하는 문제가 기출됩니다.,응용 및 신기술 보안 -> 클라우드 보안인증,"117. 정보보호 관리체계 인증 등에 관한 고시(과기정
통부고시 제2017-7호)의 [별표 7] 정보보호 관리
체계 인증기준 중 물리적 보안 통제분야의 통제
사항과 가장 거리가 먼 것은?
  ① 개발과 운영환경 분리    ② 출입통제
  ③ 시스템 배치 및 관리     ④ 개인업무 환경보안
- 22 -",2018,117,,"[2015, 2018]","[{""year"": 2018, ""num"": 117}, {""year"": 2015, ""num"": 105}, {""year"": 2015, ""num"": 104}]"
105,SC,frequent,[기타],기타,108,기출문제 중 기존 세부 개념으로 정의되지 않은 기타 문항들입니다.,기타 분류된 문제 리스트를 검토하여 누락된 개념이나 특이 문제 유형을 점검합니다.,기타,"118. 다음 중 블록체인 네트워크에서 이클립스 공격
(Eclipse Attack)에 대한 설명으로 가장 적절한 
것은?
  ① 공격자가 네트워크 해시 파워의 과반수를 확보
하여 블록 생성과 체인 선택을 좌우하고, 특정 
거래를 되돌리거나 이중지불을 수행할 수 있게 
하는 합의(Consensus) 공격이다.
  ② 공격자가 다수의 가짜 노드를 생성해 네트워크 
참여자를 압도함으로써, 투표 기반 합의에서 
다수결을 장악하거나 네트워크 신뢰 모델을 붕
괴시키는 공격이다.
  ③ 공격자가 특정 노드의 피어 연결을 의도적으로 
편향 또는 고립시켜 해당 노드가 공격자가 통제
하는 피어들과만 연결되도록 만들고, 블록 및 
트랜잭션 전파 정보를 왜곡하여 피해 노드의 체인 
인식, 거래 전파, 검증 판단에 영향을 주는 네
트워크 계층 공격이다.
  ④ 생략",2026,118,,"[2015, 2016, 2017, 2018, 2019, 2020, 2021, 2022, 2023, 2024, 2025, 2026]","[{""year"": 2026, ""num"": 118}, {""year"": 2026, ""num"": 117}, {""year"": 2026, ""num"": 116}, {""year"": 2026, ""num"": 115}, {""year"": 2026, ""num"": 114}, {""year"": 2026, ""num"": 112}, {""year"": 2026, ""num"": 111}, {""year"": 2026, ""num"": 110}, {""year"": 2026, ""num"": 102}, {""year"": 2025, ""num"": 112}, {""year"": 2025, ""num"": 110}, {""year"": 2025, ""num"": 106}, {""year"": 2025, ""num"": 104}, {""year"": 2025, ""num"": 103}, {""year"": 2024, ""num"": 120}, {""year"": 2024, ""num"": 119}, {""year"": 2024, ""num"": 118}, {""year"": 2024, ""num"": 114}, {""year"": 2024, ""num"": 113}, {""year"": 2024, ""num"": 110}, {""year"": 2024, ""num"": 109}, {""year"": 2024, ""num"": 107}, {""year"": 2024, ""num"": 104}, {""year"": 2024, ""num"": 102}, {""year"": 2024, ""num"": 101}, {""year"": 2023, ""num"": 117}, {""year"": 2023, ""num"": 116}, {""year"": 2023, ""num"": 115}, {""year"": 2023, ""num"": 112}, {""year"": 2023, ""num"": 111}, {""year"": 2023, ""num"": 110}, {""year"": 2023, ""num"": 109}, {""year"": 2023, ""num"": 107}, {""year"": 2023, ""num"": 105}, {""year"": 2023, ""num"": 101}, {""year"": 2022, ""num"": 117}, {""year"": 2022, ""num"": 116}, {""year"": 2022, ""num"": 115}, {""year"": 2022, ""num"": 113}, {""year"": 2022, ""num"": 112}, {""year"": 2022, ""num"": 111}, {""year"": 2022, ""num"": 110}, {""year"": 2022, ""num"": 108}, {""year"": 2022, ""num"": 106}, {""year"": 2022, ""num"": 105}, {""year"": 2022, ""num"": 103}, {""year"": 2022, ""num"": 101}, {""year"": 2021, ""num"": 119}, {""year"": 2021, ""num"": 117}, {""year"": 2021, ""num"": 116}, {""year"": 2021, ""num"": 112}, {""year"": 2021, ""num"": 111}, {""year"": 2021, ""num"": 109}, {""year"": 2021, ""num"": 108}, {""year"": 2021, ""num"": 107}, {""year"": 2021, ""num"": 105}, {""year"": 2021, ""num"": 103}, {""year"": 2021, ""num"": 102}, {""year"": 2021, ""num"": 101}, {""year"": 2020, ""num"": 118}, {""year"": 2020, ""num"": 115}, {""year"": 2020, ""num"": 114}, {""year"": 2020, ""num"": 109}, {""year"": 2020, ""num"": 108}, {""year"": 2020, ""num"": 107}, {""year"": 2020, ""num"": 104}, {""year"": 2020, ""num"": 103}, {""year"": 2019, ""num"": 116}, {""year"": 2019, ""num"": 114}, {""year"": 2019, ""num"": 111}, {""year"": 2019, ""num"": 107}, {""year"": 2019, ""num"": 105}, {""year"": 2019, ""num"": 103}, {""year"": 2019, ""num"": 101}, {""year"": 2018, ""num"": 120}, {""year"": 2018, ""num"": 118}, {""year"": 2018, ""num"": 114}, {""year"": 2018, ""num"": 113}, {""year"": 2018, ""num"": 109}, {""year"": 2018, ""num"": 106}, {""year"": 2018, ""num"": 105}, {""year"": 2018, ""num"": 104}, {""year"": 2017, ""num"": 115}, {""year"": 2017, ""num"": 114}, {""year"": 2017, ""num"": 111}, {""year"": 2017, ""num"": 110}, {""year"": 2017, ""num"": 109}, {""year"": 2017, ""num"": 107}, {""year"": 2017, ""num"": 106}, {""year"": 2017, ""num"": 101}, {""year"": 2016, ""num"": 120}, {""year"": 2016, ""num"": 119}, {""year"": 2016, ""num"": 117}, {""year"": 2016, ""num"": 116}, {""year"": 2016, ""num"": 115}, {""year"": 2016, ""num"": 114}, {""year"": 2016, ""num"": 111}, {""year"": 2016, ""num"": 108}, {""year"": 2016, ""num"": 107}, {""year"": 2016, ""num"": 106}, {""year"": 2016, ""num"": 101}, {""year"": 2015, ""num"": 119}, {""year"": 2015, ""num"": 113}, {""year"": 2015, ""num"": 112}, {""year"": 2015, ""num"": 111}, {""year"": 2015, ""num"": 110}, {""year"": 2015, ""num"": 109}, {""year"": 2015, ""num"": 108}]"
106,SC,official,"1-a. 암호 알고리즘, 해쉬함수, 키관리, 암호 프로토콜 등 암호시스템",1. 공통 보안 기술,63,암호 시스템,"대칭/비대칭 암호 알고리즘, 블록/스트림 암호 모드, 해시 함수 및 키 분배 프로토콜을 다룹니다.",공통 보안 기술,"118. 다음 중 블록체인 네트워크에서 이클립스 공격
(Eclipse Attack)에 대한 설명으로 가장 적절한 
것은?
  ① 공격자가 네트워크 해시 파워의 과반수를 확보
하여 블록 생성과 체인 선택을 좌우하고, 특정 
거래를 되돌리거나 이중지불을 수행할 수 있게 
하는 합의(Consensus) 공격이다.
  ② 공격자가 다수의 가짜 노드를 생성해 네트워크 
참여자를 압도함으로써, 투표 기반 합의에서 
다수결을 장악하거나 네트워크 신뢰 모델을 붕
괴시키는 공격이다.
  ③ 공격자가 특정 노드의 피어 연결을 의도적으로 
편향 또는 고립시켜 해당 노드가 공격자가 통제
하는 피어들과만 연결되도록 만들고, 블록 및 
트랜잭션 전파 정보를 왜곡하여 피해 노드의 체인 
인식, 거래 전파, 검증 판단에 영향을 주는 네
트워크 계층 공격이다.
  ④ 생략",2026,118,,"[2015, 2016, 2017, 2018, 2019, 2020, 2021, 2022, 2023, 2024, 2025, 2026]","[{""year"": 2026, ""num"": 118}, {""year"": 2026, ""num"": 114}, {""year"": 2026, ""num"": 113}, {""year"": 2026, ""num"": 112}, {""year"": 2026, ""num"": 109}, {""year"": 2025, ""num"": 114}, {""year"": 2025, ""num"": 112}, {""year"": 2025, ""num"": 109}, {""year"": 2025, ""num"": 105}, {""year"": 2025, ""num"": 104}, {""year"": 2025, ""num"": 102}, {""year"": 2025, ""num"": 101}, {""year"": 2024, ""num"": 117}, {""year"": 2024, ""num"": 116}, {""year"": 2024, ""num"": 115}, {""year"": 2024, ""num"": 106}, {""year"": 2023, ""num"": 113}, {""year"": 2023, ""num"": 104}, {""year"": 2023, ""num"": 103}, {""year"": 2023, ""num"": 102}, {""year"": 2023, ""num"": 101}, {""year"": 2022, ""num"": 117}, {""year"": 2022, ""num"": 104}, {""year"": 2022, ""num"": 102}, {""year"": 2021, ""num"": 118}, {""year"": 2021, ""num"": 117}, {""year"": 2021, ""num"": 112}, {""year"": 2021, ""num"": 106}, {""year"": 2021, ""num"": 105}, {""year"": 2021, ""num"": 104}, {""year"": 2020, ""num"": 120}, {""year"": 2020, ""num"": 119}, {""year"": 2020, ""num"": 117}, {""year"": 2020, ""num"": 116}, {""year"": 2020, ""num"": 115}, {""year"": 2020, ""num"": 111}, {""year"": 2020, ""num"": 108}, {""year"": 2020, ""num"": 101}, {""year"": 2019, ""num"": 120}, {""year"": 2019, ""num"": 119}, {""year"": 2019, ""num"": 118}, {""year"": 2019, ""num"": 106}, {""year"": 2019, ""num"": 102}, {""year"": 2018, ""num"": 111}, {""year"": 2018, ""num"": 107}, {""year"": 2018, ""num"": 102}, {""year"": 2017, ""num"": 111}, {""year"": 2017, ""num"": 109}, {""year"": 2017, ""num"": 105}, {""year"": 2016, ""num"": 118}, {""year"": 2016, ""num"": 115}, {""year"": 2016, ""num"": 112}, {""year"": 2016, ""num"": 108}, {""year"": 2016, ""num"": 103}, {""year"": 2016, ""num"": 101}, {""year"": 2015, ""num"": 116}, {""year"": 2015, ""num"": 115}, {""year"": 2015, ""num"": 114}, {""year"": 2015, ""num"": 107}, {""year"": 2015, ""num"": 105}, {""year"": 2015, ""num"": 103}, {""year"": 2015, ""num"": 102}, {""year"": 2015, ""num"": 101}]"
107,SC,official,"1-b. 전자서명, PKI, 생체인식 등 인증기술",1. 공통 보안 기술,18,인증 및 전자 서명,"PKI 공개키 인프라 구조, 인증서 관리, 전자서명 메커니즘 및 다중 인증(MFA) 기술을 검증합니다.",공통 보안 기술,"108. 다음 중 개인정보보호법 상 개인정보처리자가 
개인정보의 처리에 대하여 정보주체의 동의를 
받는 방법으로 가장 적절하지 않은 것은?
  ① 동의 내용이 적힌 서면을 정보주체에게 직접 발급
하거나 우편 또는 팩스 등의 방법으로 전달하고, 
정보주체가 서명하거나 날인한 동의서를 받는 방법
  ② 전화를 통하여 동의 내용을 정보주체에게 알리고 
동의의 의사표시를 확인하는 방법
  ③ 전화를 통하여 동의 내용을 정보주체에게 알리고 
정보주체에게 인터넷주소 등을 통하여 동의 사항을 
확인하도록 하는 방법
  ④ 인터넷 홈페이지 등에 동의 내용을 게재하고 정보
주체가 동의 여부를 표시하도록 하는 방법",2026,108,,"[2015, 2016, 2017, 2018, 2019, 2020, 2021, 2022, 2023, 2024, 2026]","[{""year"": 2026, ""num"": 108}, {""year"": 2024, ""num"": 118}, {""year"": 2023, ""num"": 103}, {""year"": 2022, ""num"": 119}, {""year"": 2022, ""num"": 101}, {""year"": 2021, ""num"": 109}, {""year"": 2021, ""num"": 104}, {""year"": 2021, ""num"": 103}, {""year"": 2020, ""num"": 119}, {""year"": 2020, ""num"": 111}, {""year"": 2019, ""num"": 102}, {""year"": 2018, ""num"": 102}, {""year"": 2017, ""num"": 107}, {""year"": 2017, ""num"": 105}, {""year"": 2016, ""num"": 115}, {""year"": 2015, ""num"": 115}, {""year"": 2015, ""num"": 114}, {""year"": 2015, ""num"": 102}]"
108,SC,official,"1-c. 접근권한, SSO, OTP 등 접근제어 기술",1. 공통 보안 기술,38,접근 제어 모델,"임의적/강제적/역할기반/속성기반 접근제어, 싱글사인온(SSO), 일회용 비밀번호(OTP) 검증 체계를 다룹니다.",공통 보안 기술,"119. 다음은 방화벽에 대한 설명이다. 이 중 가장 
적절하지 않은 설명은?
  ① 상태 기반 방화벽(Stateful Firewall)은 연결 상태 
정보를 추적하여 패킷을 필터링한다.
  ② 애플리케이션 방화벽은 HTTP, FTP 등 응용계층 
트래픽을 제어할 수 있다.
  ③ 패킷 필터링 방화벽은 데이터의 내용(payload)을 
깊이 분석하여 공격을 탐지한다.
  ④ 방화벽은 네트워크 경계에서 접근제어 정책을 
적용한다.",2026,119,,"[2015, 2016, 2017, 2018, 2019, 2020, 2021, 2022, 2023, 2024, 2025, 2026]","[{""year"": 2026, ""num"": 119}, {""year"": 2026, ""num"": 114}, {""year"": 2026, ""num"": 112}, {""year"": 2026, ""num"": 111}, {""year"": 2026, ""num"": 107}, {""year"": 2026, ""num"": 104}, {""year"": 2025, ""num"": 120}, {""year"": 2025, ""num"": 108}, {""year"": 2025, ""num"": 105}, {""year"": 2024, ""num"": 116}, {""year"": 2024, ""num"": 114}, {""year"": 2024, ""num"": 113}, {""year"": 2024, ""num"": 106}, {""year"": 2024, ""num"": 103}, {""year"": 2023, ""num"": 117}, {""year"": 2023, ""num"": 113}, {""year"": 2022, ""num"": 114}, {""year"": 2022, ""num"": 110}, {""year"": 2022, ""num"": 108}, {""year"": 2022, ""num"": 104}, {""year"": 2021, ""num"": 107}, {""year"": 2021, ""num"": 102}, {""year"": 2020, ""num"": 115}, {""year"": 2020, ""num"": 101}, {""year"": 2019, ""num"": 118}, {""year"": 2019, ""num"": 115}, {""year"": 2019, ""num"": 109}, {""year"": 2019, ""num"": 106}, {""year"": 2018, ""num"": 115}, {""year"": 2018, ""num"": 109}, {""year"": 2018, ""num"": 106}, {""year"": 2018, ""num"": 105}, {""year"": 2017, ""num"": 120}, {""year"": 2017, ""num"": 114}, {""year"": 2017, ""num"": 101}, {""year"": 2016, ""num"": 119}, {""year"": 2016, ""num"": 104}, {""year"": 2015, ""num"": 112}]"
109,SC,official,"2-a. 파이어월, IPS, VPN, ESM, NAC, 망분리, 무선보안 등 유무선 네트워크 보안 기술",2. 네트워크 및 시스템 보안,19,유무선 네트워크 보안,"방화벽, IPS/IDS 차이점, VPN 터널링 프로토콜, SIEM 분석, NAC 제어 및 무선 LAN 보안 규격을 질문합니다.",네트워크 및 시스템 보안,"119. 다음은 방화벽에 대한 설명이다. 이 중 가장 
적절하지 않은 설명은?
  ① 상태 기반 방화벽(Stateful Firewall)은 연결 상태 
정보를 추적하여 패킷을 필터링한다.
  ② 애플리케이션 방화벽은 HTTP, FTP 등 응용계층 
트래픽을 제어할 수 있다.
  ③ 패킷 필터링 방화벽은 데이터의 내용(payload)을 
깊이 분석하여 공격을 탐지한다.
  ④ 방화벽은 네트워크 경계에서 접근제어 정책을 
적용한다.",2026,119,,"[2015, 2016, 2017, 2018, 2020, 2021, 2022, 2023, 2024, 2025, 2026]","[{""year"": 2026, ""num"": 119}, {""year"": 2025, ""num"": 108}, {""year"": 2025, ""num"": 107}, {""year"": 2024, ""num"": 112}, {""year"": 2024, ""num"": 103}, {""year"": 2023, ""num"": 104}, {""year"": 2022, ""num"": 120}, {""year"": 2022, ""num"": 109}, {""year"": 2022, ""num"": 107}, {""year"": 2021, ""num"": 105}, {""year"": 2020, ""num"": 105}, {""year"": 2018, ""num"": 116}, {""year"": 2018, ""num"": 101}, {""year"": 2017, ""num"": 111}, {""year"": 2017, ""num"": 102}, {""year"": 2016, ""num"": 109}, {""year"": 2016, ""num"": 103}, {""year"": 2015, ""num"": 116}, {""year"": 2015, ""num"": 113}]"
110,SC,official,"2-b. OS보안, DB보안, 서버 보안, 클라이언트 보안, PC 보안, 휴대용 단말 보안 등 시스템 보안 기술",2. 네트워크 및 시스템 보안,5,호스트 및 데이터베이스 보안,"Secure OS 접근 통제, DB 암호화 방식(API/Filter/Plug-in), 단말 관리 보안 솔루션의 특징을 평가합니다.",네트워크 및 시스템 보안,"119. 다음은 방화벽에 대한 설명이다. 이 중 가장 
적절하지 않은 설명은?
  ① 상태 기반 방화벽(Stateful Firewall)은 연결 상태 
정보를 추적하여 패킷을 필터링한다.
  ② 애플리케이션 방화벽은 HTTP, FTP 등 응용계층 
트래픽을 제어할 수 있다.
  ③ 패킷 필터링 방화벽은 데이터의 내용(payload)을 
깊이 분석하여 공격을 탐지한다.
  ④ 방화벽은 네트워크 경계에서 접근제어 정책을 
적용한다.",2026,119,,"[2018, 2024, 2025, 2026]","[{""year"": 2026, ""num"": 119}, {""year"": 2025, ""num"": 108}, {""year"": 2024, ""num"": 104}, {""year"": 2024, ""num"": 103}, {""year"": 2018, ""num"": 105}]"
111,SC,official,"2-c. 네트워크/시스템 보안 공격, 해킹 및 침해사고 대응 기술",2. 네트워크 및 시스템 보안,38,시스템 공격 및 악성코드 대응,"DoS/DDoS 기법, 스푸핑/스니핑 공격, 메모리 버퍼 오버플로우, 악성코드 종류 분석 및 대응을 다룹니다.",네트워크 및 시스템 보안,"120. 다음은 네트워크 보안 기술 및 대표적인 네트워크 
공격 유형에 대한 설명이다. 이 중 가장 적절하지 
않은 설명은?
  ① 네트워크 세그멘테이션(Network Segmentation)은 
네트워크를 여러 보안 영역으로 논리적 또는 
물리적으로 분리하여 공격 확산을 방지하고 
보안 정책 적용을 용이하게 하는 보안 기법이다.
  ② TLS(Transport Layer Security)는 통신 데이터의 
기밀성과 무결성 기능 대신에 안전한 네트워크 
라우팅 기능을 제공하기 위한 보안 프로토콜이다.
  ③ DNSSEC(Domain Name System Security Extensions)는 
DNS 응답 데이터의 무결성(integrity)과 출처 인증
(authentication of origin)을 제공하기 위한 보안 
기술이다.
  ④ Smurf Attack은 네트워크 자원을 소모시켜 정상
적인 서비스를 제공하지 못하게 하는 서비스 거부 
공격(DoS) 유형에 해당한다.
- 25 -",2026,120,,"[2015, 2016, 2018, 2019, 2020, 2021, 2022, 2023, 2024, 2025, 2026]","[{""year"": 2026, ""num"": 120}, {""year"": 2026, ""num"": 117}, {""year"": 2026, ""num"": 116}, {""year"": 2026, ""num"": 115}, {""year"": 2025, ""num"": 116}, {""year"": 2025, ""num"": 113}, {""year"": 2025, ""num"": 110}, {""year"": 2025, ""num"": 109}, {""year"": 2025, ""num"": 106}, {""year"": 2024, ""num"": 120}, {""year"": 2024, ""num"": 113}, {""year"": 2024, ""num"": 109}, {""year"": 2024, ""num"": 103}, {""year"": 2023, ""num"": 118}, {""year"": 2023, ""num"": 117}, {""year"": 2022, ""num"": 118}, {""year"": 2022, ""num"": 108}, {""year"": 2021, ""num"": 113}, {""year"": 2021, ""num"": 110}, {""year"": 2021, ""num"": 108}, {""year"": 2020, ""num"": 113}, {""year"": 2020, ""num"": 106}, {""year"": 2020, ""num"": 102}, {""year"": 2019, ""num"": 117}, {""year"": 2019, ""num"": 116}, {""year"": 2019, ""num"": 115}, {""year"": 2019, ""num"": 114}, {""year"": 2019, ""num"": 113}, {""year"": 2019, ""num"": 112}, {""year"": 2019, ""num"": 110}, {""year"": 2019, ""num"": 104}, {""year"": 2018, ""num"": 112}, {""year"": 2018, ""num"": 110}, {""year"": 2016, ""num"": 111}, {""year"": 2016, ""num"": 110}, {""year"": 2016, ""num"": 103}, {""year"": 2015, ""num"": 116}, {""year"": 2015, ""num"": 104}]"
112,SC,official,"3-a. 웹 보안, 모바일 앱 보안, DRM, DLP, 전자거래 보안 등 응용 보안 기술",3. 응용 및 신기술 보안,21,응용 서비스 보안,"OWASP 탑 10 웹 취약점, 모바일 하이재킹 대응, DRM/DLP 유출 방지 및 전자서명 결제 보안 요건을 평가합니다.",응용 및 신기술 보안,"120. 다음은 네트워크 보안 기술 및 대표적인 네트워크 
공격 유형에 대한 설명이다. 이 중 가장 적절하지 
않은 설명은?
  ① 네트워크 세그멘테이션(Network Segmentation)은 
네트워크를 여러 보안 영역으로 논리적 또는 
물리적으로 분리하여 공격 확산을 방지하고 
보안 정책 적용을 용이하게 하는 보안 기법이다.
  ② TLS(Transport Layer Security)는 통신 데이터의 
기밀성과 무결성 기능 대신에 안전한 네트워크 
라우팅 기능을 제공하기 위한 보안 프로토콜이다.
  ③ DNSSEC(Domain Name System Security Extensions)는 
DNS 응답 데이터의 무결성(integrity)과 출처 인증
(authentication of origin)을 제공하기 위한 보안 
기술이다.
  ④ Smurf Attack은 네트워크 자원을 소모시켜 정상
적인 서비스를 제공하지 못하게 하는 서비스 거부 
공격(DoS) 유형에 해당한다.
- 25 -",2026,120,,"[2015, 2016, 2017, 2018, 2019, 2020, 2021, 2023, 2024, 2025, 2026]","[{""year"": 2026, ""num"": 120}, {""year"": 2025, ""num"": 108}, {""year"": 2025, ""num"": 107}, {""year"": 2025, ""num"": 105}, {""year"": 2024, ""num"": 103}, {""year"": 2023, ""num"": 113}, {""year"": 2023, ""num"": 104}, {""year"": 2023, ""num"": 102}, {""year"": 2021, ""num"": 115}, {""year"": 2021, ""num"": 109}, {""year"": 2020, ""num"": 101}, {""year"": 2019, ""num"": 120}, {""year"": 2018, ""num"": 116}, {""year"": 2018, ""num"": 103}, {""year"": 2017, ""num"": 120}, {""year"": 2017, ""num"": 105}, {""year"": 2017, ""num"": 103}, {""year"": 2017, ""num"": 102}, {""year"": 2016, ""num"": 113}, {""year"": 2016, ""num"": 110}, {""year"": 2015, ""num"": 103}]"
113,SC,official,"3-b. 클라우드 보안, 빅데이터 보안, IoT 보안, 스마트워크 보안 등 최신 응용 보안",3. 응용 및 신기술 보안,1,최신 응용 인프라 보안,"클라우드 서비스 모델(IaaS/PaaS/SaaS) 책임 한계, CASB 보안 솔루션, IoT 및 가상화 취약점 대응을 질문합니다.",응용 및 신기술 보안,"118. 다음 중 클라우드 보안 위협에 대한 설명으로 
가장 적절하지 않은 것은?
  ① 고객 정보에 대해 제3자 위탁 저장방식을 활용
할 경우 클라우드 사업자 내부의 관리 부주의로 
인한 정보 유출의 위협이 있다.
  ② 여러 고객사의 정보가 클라우드에 집중됨에 따라 
DDoS, APT 공격 등 다양한 공격의 목표가 될 수 
있다.
  ③ 논리적 자원을 물리적으로 통합 및 재분배하여 
사용함에 따라 가상화 문제가 발생된다.
  ④ 인프라 서비스(IaaS) 이용시 효과적인 자원의 분리
가 이뤄지지 않을 경우 클라우드 서버 내부의 가상
머신 간 도청 및 해킹 피해가 발생할 수 있다.
- 23 -",2022,118,,[2022],"[{""year"": 2022, ""num"": 118}]"
114,SC,official,"3-c. 디지털 포렌식, 블록체인, AI 연계 등 보안 신기술",3. 응용 및 신기술 보안,16,보안 신기술 융합,"포렌식 증거 수집 원칙, 안티포렌식 기술, 블록체인 합의 알고리즘 취약성 및 AI 기반 침입 탐지 기법을 검증합니다.",응용 및 신기술 보안,"118. 다음 중 블록체인 네트워크에서 이클립스 공격
(Eclipse Attack)에 대한 설명으로 가장 적절한 
것은?
  ① 공격자가 네트워크 해시 파워의 과반수를 확보
하여 블록 생성과 체인 선택을 좌우하고, 특정 
거래를 되돌리거나 이중지불을 수행할 수 있게 
하는 합의(Consensus) 공격이다.
  ② 공격자가 다수의 가짜 노드를 생성해 네트워크 
참여자를 압도함으로써, 투표 기반 합의에서 
다수결을 장악하거나 네트워크 신뢰 모델을 붕
괴시키는 공격이다.
  ③ 공격자가 특정 노드의 피어 연결을 의도적으로 
편향 또는 고립시켜 해당 노드가 공격자가 통제
하는 피어들과만 연결되도록 만들고, 블록 및 
트랜잭션 전파 정보를 왜곡하여 피해 노드의 체인 
인식, 거래 전파, 검증 판단에 영향을 주는 네
트워크 계층 공격이다.
  ④ 생략",2026,118,,"[2015, 2016, 2017, 2018, 2019, 2020, 2021, 2022, 2023, 2024, 2025, 2026]","[{""year"": 2026, ""num"": 118}, {""year"": 2026, ""num"": 114}, {""year"": 2025, ""num"": 114}, {""year"": 2024, ""num"": 120}, {""year"": 2023, ""num"": 115}, {""year"": 2023, ""num"": 107}, {""year"": 2022, ""num"": 117}, {""year"": 2021, ""num"": 112}, {""year"": 2020, ""num"": 118}, {""year"": 2020, ""num"": 109}, {""year"": 2019, ""num"": 119}, {""year"": 2019, ""num"": 111}, {""year"": 2018, ""num"": 114}, {""year"": 2017, ""num"": 106}, {""year"": 2016, ""num"": 116}, {""year"": 2015, ""num"": 108}]"
115,SC,official,"4-a. 시큐어 코딩, SW형상관리, 개발 환경 보안 등 개발 보안 기술",4. 개발 및 운영 보안,3,소프트웨어 개발 보안,"행정안전부 가이드 기반 시큐어 코딩 기법, 소스코드 저장소 보안 및 개발 형상 관리 수명 주기를 질문합니다.",개발 및 운영 보안,"105. 시큐어코딩 점검 시 보안약점 탐지에 관한 설명으로 
가장 거리가 먼 것은?
  ① 보안약점이 내포된 Bad 코드에서 취약한 함수의 
위치를 정확하게 탐지한 경우 True Positive로 
판정한다. 
  ② 보안약점이 존재하지 않는 Good 코드에서 보안
약점의 위치를 탐지하지 못한 경우 False Positive로 
판정한다.
  ③ 보안약점이 내포된 Bad 코드에서 취약한 함수의 
위치를 탐지하지 못한 경우 False Negative로 판정
한다. 
  ④ 시큐어코딩 점검 시 False Positive에 대해 효과적
으로 관리하지 못하면 Good 코드에 대해서 
계속적인 분석을 하게 되어 점검효율이 떨어진다.",2016,105,,"[2015, 2016]","[{""year"": 2016, ""num"": 105}, {""year"": 2016, ""num"": 104}, {""year"": 2015, ""num"": 109}]"
116,SC,official,"4-b. SW취약점 진단, 도구, 최신 공격 및 대응 기술",4. 개발 및 운영 보안,5,정적/동적 취약점 진단,"정적 분석 도구와 동적 퍼징(Fuzzing) 도구 차이점, CVE 취약점 분석 및 패치 배포 절차를 평가합니다.",개발 및 운영 보안,"116. 다음중자바바이트코드에대한정적분석을
통해XSS, HTTP 응답분할, 경로탐사(path
traversal), 프로그램코드상의비밀번호, 널포
인터역참조등의보안취약점을진단해주는공개
SW 도구로가장적절한것은?
①ModSecurity
②OpenVAS
③OllyDbg
④SpotBugs",2025,116,,"[2021, 2023, 2024, 2025]","[{""year"": 2025, ""num"": 116}, {""year"": 2024, ""num"": 117}, {""year"": 2023, ""num"": 114}, {""year"": 2023, ""num"": 110}, {""year"": 2021, ""num"": 110}]"
117,SC,official,"4-c. 운영 통제, 외주 용역 등 운영 보안 기술",4. 개발 및 운영 보안,0,보안 운영 및 자산 관리,"내부자 위협 통제, 외주 인력 보안 감사 규정, 접근 기록 감사 로그 보존 및 백업 복구 검증 체계를 질문합니다.",개발 및 운영 보안,,,,,[],[]
118,SC,official,"5-a. 정보보호 및 개인정보보호 관련 법규, 표준, 지침, 평가/인증제도",5. 정보보호 법규 및 개인정보보호,15,컴플라이언스 및 표준 규정,"개인정보보호법 주요 조항, ISMS-P 인증 규정, 국제 보안 표준(ISO 27001), CC 평가 기준을 중점 질문합니다.",정보보호 법규 및 개인정보보호,"108. 다음 중 개인정보보호법 상 개인정보처리자가 
개인정보의 처리에 대하여 정보주체의 동의를 
받는 방법으로 가장 적절하지 않은 것은?
  ① 동의 내용이 적힌 서면을 정보주체에게 직접 발급
하거나 우편 또는 팩스 등의 방법으로 전달하고, 
정보주체가 서명하거나 날인한 동의서를 받는 방법
  ② 전화를 통하여 동의 내용을 정보주체에게 알리고 
동의의 의사표시를 확인하는 방법
  ③ 전화를 통하여 동의 내용을 정보주체에게 알리고 
정보주체에게 인터넷주소 등을 통하여 동의 사항을 
확인하도록 하는 방법
  ④ 인터넷 홈페이지 등에 동의 내용을 게재하고 정보
주체가 동의 여부를 표시하도록 하는 방법",2026,108,,"[2015, 2017, 2018, 2019, 2021, 2024, 2025, 2026]","[{""year"": 2026, ""num"": 108}, {""year"": 2026, ""num"": 105}, {""year"": 2025, ""num"": 118}, {""year"": 2024, ""num"": 111}, {""year"": 2024, ""num"": 108}, {""year"": 2021, ""num"": 118}, {""year"": 2019, ""num"": 108}, {""year"": 2018, ""num"": 119}, {""year"": 2018, ""num"": 117}, {""year"": 2018, ""num"": 108}, {""year"": 2017, ""num"": 117}, {""year"": 2017, ""num"": 112}, {""year"": 2015, ""num"": 120}, {""year"": 2015, ""num"": 104}, {""year"": 2015, ""num"": 101}]"
119,SC,official,"5-b. 거버넌스, 위험관리, 업무연속성 관리, 보안 감사 등 보안관리 기술",5. 정보보호 법규 및 개인정보보호,37,보안 거버넌스 및 위험 분석,"정보보호 프레임워크 설계, 위험 분석 모델(정량/정성), BCP/DRP 수립 단계 및 보안 감사 기법을 평가합니다.",정보보호 법규 및 개인정보보호,"120. 다음은 네트워크 보안 기술 및 대표적인 네트워크 
공격 유형에 대한 설명이다. 이 중 가장 적절하지 
않은 설명은?
  ① 네트워크 세그멘테이션(Network Segmentation)은 
네트워크를 여러 보안 영역으로 논리적 또는 
물리적으로 분리하여 공격 확산을 방지하고 
보안 정책 적용을 용이하게 하는 보안 기법이다.
  ② TLS(Transport Layer Security)는 통신 데이터의 
기밀성과 무결성 기능 대신에 안전한 네트워크 
라우팅 기능을 제공하기 위한 보안 프로토콜이다.
  ③ DNSSEC(Domain Name System Security Extensions)는 
DNS 응답 데이터의 무결성(integrity)과 출처 인증
(authentication of origin)을 제공하기 위한 보안 
기술이다.
  ④ Smurf Attack은 네트워크 자원을 소모시켜 정상
적인 서비스를 제공하지 못하게 하는 서비스 거부 
공격(DoS) 유형에 해당한다.
- 25 -",2026,120,,"[2015, 2016, 2017, 2018, 2019, 2020, 2021, 2022, 2023, 2024, 2025, 2026]","[{""year"": 2026, ""num"": 120}, {""year"": 2026, ""num"": 114}, {""year"": 2026, ""num"": 110}, {""year"": 2026, ""num"": 106}, {""year"": 2025, ""num"": 107}, {""year"": 2025, ""num"": 102}, {""year"": 2024, ""num"": 119}, {""year"": 2024, ""num"": 107}, {""year"": 2024, ""num"": 106}, {""year"": 2023, ""num"": 120}, {""year"": 2023, ""num"": 116}, {""year"": 2023, ""num"": 115}, {""year"": 2022, ""num"": 113}, {""year"": 2022, ""num"": 104}, {""year"": 2022, ""num"": 101}, {""year"": 2021, ""num"": 107}, {""year"": 2020, ""num"": 112}, {""year"": 2020, ""num"": 111}, {""year"": 2020, ""num"": 109}, {""year"": 2020, ""num"": 103}, {""year"": 2019, ""num"": 111}, {""year"": 2019, ""num"": 106}, {""year"": 2019, ""num"": 101}, {""year"": 2018, ""num"": 120}, {""year"": 2018, ""num"": 118}, {""year"": 2018, ""num"": 108}, {""year"": 2017, ""num"": 114}, {""year"": 2017, ""num"": 107}, {""year"": 2017, ""num"": 105}, {""year"": 2016, ""num"": 116}, {""year"": 2016, ""num"": 107}, {""year"": 2016, ""num"": 106}, {""year"": 2015, ""num"": 120}, {""year"": 2015, ""num"": 119}, {""year"": 2015, ""num"": 118}, {""year"": 2015, ""num"": 108}, {""year"": 2015, ""num"": 103}]"
120,SC,official,"5-c. 암호화, 개인정보 비식별화 조치 등 기술적, 관리적 보호조치",5. 정보보호 법규 및 개인정보보호,9,개인정보 보호조치,"개인정보 비식별화 5대 기법(가명화, 총계처리 등), 프라이버시 모델(k-익명성, l-다양성)의 수학적 검증을 다룹니다.",정보보호 법규 및 개인정보보호,"105. 다음 중 개인정보보호법에 대한 설명으로 적절한 
것을 모두 고른 것은?
<보기>
ㄱ. 개인정보처리자가 개인정보의 분실·도난·유출 
사실을 알게 된 경우에는, 유출된 개인정보의 항목, 
유출 시점과 경위, 피해 최소화 방법, 개인정보
처리자의 대응조치 및 구제절차 등을 지체 없이 
정보주체에게 통지하여야 한다.
ㄴ. 개인정보처리자가 개인정보 처리 업무를 제3자에게 
위탁하는 경우에는, 수탁자가 개인정보를 안전하게 
처리하도록 위탁계약에 보호조치 사항 등을 반영
하고, 수탁자의 처리 실태를 관리·감독하여야 한다.
ㄷ. 개인정보 영향평가(PIA)는 개인정보파일 운영과 
관련된 법정 보유기간이 경과한 개인정보 처리
기록을 삭제·파기하기 위하여 사후적으로 실시하는 
절차이다.
ㄹ. 개인정보처리자가 개인정보 처리 업무를 위탁하는 
경우에는 위탁하는 업무의 내용과 수탁자의 성명
(명칭)을 정보주체가 언제든지 쉽게 확인할 수 
있도록 공개하여야 한다.
  ① ㄱ, ㄴ
② ㄱ, ㄷ
  ③ ㄴ, ㄷ, ㄹ
④ ㄱ, ㄴ, ㄹ",2026,105,,"[2016, 2017, 2019, 2020, 2021, 2022, 2023, 2025, 2026]","[{""year"": 2026, ""num"": 105}, {""year"": 2025, ""num"": 120}, {""year"": 2023, ""num"": 108}, {""year"": 2022, ""num"": 114}, {""year"": 2021, ""num"": 114}, {""year"": 2020, ""num"": 108}, {""year"": 2019, ""num"": 109}, {""year"": 2017, ""num"": 104}, {""year"": 2016, ""num"": 112}]"
121,SC,official,[기타],기타,54,기출문제 중 가이드라인 세부 중단원에 포함되지 않는 복합/기타 문항들입니다.,기타 분류 문제를 검토하여 변형 기출을 대비하세요.,기타 영역,"103. 소스코드 취약점 유형 중에서 다음과 같은 Java 
코드에 존재하는 취약점으로 가장 적절한 것은?
String price = request.getRawParameter(""price"");
int p = Integer.parseInt(price);
total = total + p;
  ① SQL Injection 여부
  ② 입력값 검증 및 범위 체크
  ③ 위험한 형식의 파일 업로드 취약점
  ④ 디렉토리 경로 조작",2026,103,,"[2015, 2016, 2017, 2018, 2019, 2020, 2021, 2022, 2023, 2024, 2025, 2026]","[{""year"": 2026, ""num"": 103}, {""year"": 2026, ""num"": 102}, {""year"": 2026, ""num"": 101}, {""year"": 2025, ""num"": 119}, {""year"": 2025, ""num"": 117}, {""year"": 2025, ""num"": 115}, {""year"": 2025, ""num"": 111}, {""year"": 2025, ""num"": 103}, {""year"": 2024, ""num"": 110}, {""year"": 2024, ""num"": 105}, {""year"": 2024, ""num"": 102}, {""year"": 2024, ""num"": 101}, {""year"": 2023, ""num"": 119}, {""year"": 2023, ""num"": 112}, {""year"": 2023, ""num"": 111}, {""year"": 2023, ""num"": 109}, {""year"": 2023, ""num"": 106}, {""year"": 2023, ""num"": 105}, {""year"": 2022, ""num"": 116}, {""year"": 2022, ""num"": 115}, {""year"": 2022, ""num"": 112}, {""year"": 2022, ""num"": 111}, {""year"": 2022, ""num"": 106}, {""year"": 2022, ""num"": 105}, {""year"": 2022, ""num"": 103}, {""year"": 2021, ""num"": 120}, {""year"": 2021, ""num"": 119}, {""year"": 2021, ""num"": 116}, {""year"": 2021, ""num"": 111}, {""year"": 2021, ""num"": 101}, {""year"": 2020, ""num"": 114}, {""year"": 2020, ""num"": 110}, {""year"": 2020, ""num"": 107}, {""year"": 2020, ""num"": 104}, {""year"": 2019, ""num"": 107}, {""year"": 2019, ""num"": 105}, {""year"": 2019, ""num"": 103}, {""year"": 2018, ""num"": 113}, {""year"": 2018, ""num"": 104}, {""year"": 2017, ""num"": 119}, {""year"": 2017, ""num"": 118}, {""year"": 2017, ""num"": 116}, {""year"": 2017, ""num"": 115}, {""year"": 2017, ""num"": 113}, {""year"": 2017, ""num"": 110}, {""year"": 2017, ""num"": 108}, {""year"": 2016, ""num"": 120}, {""year"": 2016, ""num"": 117}, {""year"": 2016, ""num"": 114}, {""year"": 2016, ""num"": 102}, {""year"": 2015, ""num"": 117}, {""year"": 2015, ""num"": 111}, {""year"": 2015, ""num"": 110}, {""year"": 2015, ""num"": 106}]"
122,SE,frequent,ISO/IEC 25010 품질 표준,품질/비용산정,25,소프트웨어 제품 품질 평가를 위한 8대 주특성 및 하위 31개 부특성 체계,"매년 출제되는 초빈출 단골 영역으로, 신뢰성(장애 허용성, 복구 가능성), 유지보수성(모듈성, 재사용성, 테스트 가능성), 이식성(설치성, 대체성) 등의 부특성 매핑을 중점 질문합니다.",품질/비용산정 -> 품질 평가 표준,"32. 시스템의 유지보수성과 확장성을 향상시키기 위해 
아래와 같은 방향으로 설계를 개선하려고 한다.
모듈 간 의존관계를 최소화하고 각 모듈이 하나의 
기능 중심으로 구성되도록 한다. 그리고 모듈 내부 
구현 정보는 외부에 노출하지 않도록 한다.
다음 중 위 설계 개선에 적용할 수 있는 소프트웨
어 설계 기법의 조합으로 가장 적합한 것은?
  ① 응집도 감소 – 결합도 증가 – 정보은닉 강화
  ② 응집도 증가 – 결합도 감소 – 정보은닉 강화
  ③ 결합도 증가 – 추상화 강화 – 모듈화 강화
  ④ 모듈화 강화 – 응집도 감소 – 추상화 강화",2026,32,,"[2015, 2016, 2017, 2018, 2019, 2020, 2021, 2022, 2023, 2024, 2025, 2026]","[{""year"": 2026, ""num"": 32}, {""year"": 2025, ""num"": 41}, {""year"": 2025, ""num"": 37}, {""year"": 2025, ""num"": 31}, {""year"": 2025, ""num"": 27}, {""year"": 2024, ""num"": 39}, {""year"": 2023, ""num"": 28}, {""year"": 2022, ""num"": 48}, {""year"": 2022, ""num"": 47}, {""year"": 2022, ""num"": 46}, {""year"": 2022, ""num"": 42}, {""year"": 2021, ""num"": 33}, {""year"": 2021, ""num"": 30}, {""year"": 2020, ""num"": 44}, {""year"": 2020, ""num"": 42}, {""year"": 2019, ""num"": 39}, {""year"": 2018, ""num"": 40}, {""year"": 2018, ""num"": 35}, {""year"": 2018, ""num"": 29}, {""year"": 2017, ""num"": 48}, {""year"": 2016, ""num"": 44}, {""year"": 2016, ""num"": 43}, {""year"": 2016, ""num"": 42}, {""year"": 2016, ""num"": 32}, {""year"": 2015, ""num"": 41}]"
123,SE,frequent,클래스 다이어그램 (UML),요구분석/설계,22,"클래스 간의 정적 관계(일반화, 실현, 연관, 집합, 합성, 의존) 및 다중도 설계","다이어그램 해석을 기반으로 소스 코드 매핑 구조를 파악하고, 집합(Aggregation)과 합성(Composition)의 객체 생명주기 의존성 차이를 구별하는 능력을 검증합니다.",요구분석/설계 -> 정적 모델링,"33. 아래 클래스 다이어그램에서 유추할 수 있는 개념
들의 묶음으로 가장 적합한 것은?
  ① Overloading, Overriding, Inheritance
  ② Overriding, Inheritance, Aggregation
  ③ Overloading, Inheritance, Aggregation
  ④ Overriding, Aggregation, Polymorphism",2026,33,,"[2015, 2016, 2017, 2018, 2019, 2021, 2022, 2023, 2024, 2026]","[{""year"": 2026, ""num"": 33}, {""year"": 2026, ""num"": 28}, {""year"": 2024, ""num"": 35}, {""year"": 2024, ""num"": 28}, {""year"": 2023, ""num"": 31}, {""year"": 2022, ""num"": 45}, {""year"": 2022, ""num"": 43}, {""year"": 2021, ""num"": 50}, {""year"": 2021, ""num"": 48}, {""year"": 2021, ""num"": 42}, {""year"": 2021, ""num"": 31}, {""year"": 2019, ""num"": 41}, {""year"": 2019, ""num"": 31}, {""year"": 2019, ""num"": 29}, {""year"": 2018, ""num"": 48}, {""year"": 2018, ""num"": 41}, {""year"": 2017, ""num"": 49}, {""year"": 2017, ""num"": 30}, {""year"": 2016, ""num"": 27}, {""year"": 2015, ""num"": 38}, {""year"": 2015, ""num"": 30}, {""year"": 2015, ""num"": 27}]"
124,SE,frequent,애자일 및 스크럼 방법론,방법론/플랫폼,19,지속적 소통과 빠른 피드백을 강조하는 기민한 반복형 소프트웨어 개발 패러다임,"스크럼(Scrum)의 3대 산출물(백로그)과 4대 회의(계획, 스크럼, 리뷰, 회고), 사용자 스토리 규모 추정을 위한 플래닝 포커(Planning Poker) 및 XP의 12대 실천수칙을 주로 출제합니다.",방법론/플랫폼 -> 애자일 기법,"46. 다음은 게임 소프트웨어의 출시 가능한 버전을 스
크럼 방식으로 만드는 과정이다. (가)~(라)에 해당
하는 가장 적절한 것은?
  ① (가) 제품 백로그 
(나) 스프린트 백로그 
(다) 일일 스크럼 
(라) 스프린트
  ② (가) 제품 백로그 
(나) 스프린트 백로그 
(다) 일일 스프린트 
(라) 스크럼
  ③ (가) 스프린트 백로그 (나) 제품 백로그 
(다) 일일 스크럼  
(라) 스프린트
  ④ (가) 제품 백로그 
(나) 스프린트 백로그 
(다) 일일 스프린트 
(라) 스크럼",2026,46,,"[2016, 2017, 2018, 2019, 2020, 2021, 2022, 2023, 2024, 2026]","[{""year"": 2026, ""num"": 46}, {""year"": 2026, ""num"": 43}, {""year"": 2024, ""num"": 50}, {""year"": 2024, ""num"": 26}, {""year"": 2023, ""num"": 37}, {""year"": 2022, ""num"": 38}, {""year"": 2021, ""num"": 38}, {""year"": 2021, ""num"": 37}, {""year"": 2021, ""num"": 28}, {""year"": 2020, ""num"": 40}, {""year"": 2020, ""num"": 36}, {""year"": 2020, ""num"": 34}, {""year"": 2020, ""num"": 31}, {""year"": 2020, ""num"": 30}, {""year"": 2019, ""num"": 45}, {""year"": 2019, ""num"": 37}, {""year"": 2018, ""num"": 33}, {""year"": 2017, ""num"": 32}, {""year"": 2016, ""num"": 50}]"
125,SE,frequent,GoF 디자인 패턴 (행위/구조/생성),방법론/플랫폼,18,자주 마주하는 클래스 설계 문제들에 대해 입증된 23대 객체지향 설계 재사용 솔루션,"행위(State, Strategy, Observer, Template Method), 구조(Decorator, Proxy, Adapter), 생성(Singleton, Factory Method, Builder) 패턴의 차이를 파악하고 Java 소스 코드 매핑 구조를 이해해야 합니다.",방법론/플랫폼 -> 디자인 패턴,"38. 다음 그림과 같이 객체 타입에 따라 다른 동작을 
하는 조건 분기가 있는 경우에 적용한 리팩토링 
기법으로 가장 적절한 것은?
  ① Inline Method
  ② Encapsulate Downcast
  ③ Replace Conditional with Polymorphism
  ④ Replace Constructor with Factory Method",2026,38,,"[2015, 2017, 2018, 2019, 2020, 2021, 2022, 2025, 2026]","[{""year"": 2026, ""num"": 38}, {""year"": 2026, ""num"": 28}, {""year"": 2026, ""num"": 27}, {""year"": 2025, ""num"": 48}, {""year"": 2022, ""num"": 43}, {""year"": 2021, ""num"": 31}, {""year"": 2021, ""num"": 27}, {""year"": 2020, ""num"": 43}, {""year"": 2020, ""num"": 41}, {""year"": 2020, ""num"": 35}, {""year"": 2020, ""num"": 28}, {""year"": 2019, ""num"": 41}, {""year"": 2018, ""num"": 48}, {""year"": 2018, ""num"": 41}, {""year"": 2018, ""num"": 39}, {""year"": 2017, ""num"": 30}, {""year"": 2015, ""num"": 43}, {""year"": 2015, ""num"": 30}]"
126,SE,frequent,리팩토링 기법 (Refactoring),유지관리/운영,17,외부 동작은 변경하지 않고 내부 소스 코드를 재구성하여 가독성과 유지보수성을 극대화,"메서드 추출(Extract Method), 임시변수 분리(Split Temporary Variable), 다형성을 활용한 조건문 제거 등 중복 및 구조 결함을 안전하게 교정하는 구체적 실천법이 출제됩니다.",유지관리/운영 -> 코드 품질 개선,"40. 다음 중 Test-Driven Development(TDD)의 개발 
절차로 가장 적합한 것은?
  ① 설계 – 코드 작성 – 테스트 수행
  ② 코드 작성 – 테스트 수행 - 리팩토링
  ③ 테스트 작성 – 리팩토링 – 코드 작성
  ④ 테스트 작성 – 코드 작성 - 리팩토링",2026,40,,"[2015, 2016, 2018, 2019, 2021, 2022, 2024, 2025, 2026]","[{""year"": 2026, ""num"": 40}, {""year"": 2026, ""num"": 38}, {""year"": 2025, ""num"": 49}, {""year"": 2024, ""num"": 41}, {""year"": 2024, ""num"": 40}, {""year"": 2024, ""num"": 35}, {""year"": 2024, ""num"": 32}, {""year"": 2022, ""num"": 34}, {""year"": 2022, ""num"": 28}, {""year"": 2021, ""num"": 50}, {""year"": 2021, ""num"": 41}, {""year"": 2021, ""num"": 38}, {""year"": 2021, ""num"": 35}, {""year"": 2019, ""num"": 47}, {""year"": 2018, ""num"": 38}, {""year"": 2016, ""num"": 37}, {""year"": 2015, ""num"": 40}]"
127,SE,frequent,요구사항 분석 및 명세,요구분석/설계,15,"사용자 및 시스템 요구사항 도출, 분석, 명세, 검증 및 추적성 관리",기능적/비기능적 요구사항 식별 기준과 요구사항 추적성 매트릭스(Traceability Matrix) 작성 및 유스케이스 모델링의 기본/대안 흐름 명세 구조에 대한 출제가 많습니다.,요구분석/설계 -> 요구공학,"45. 보통의경우Normal 유스케이스시나리오가사용
되지만특정조건하에서Conditional 유스케이스
시나리오가사용된다는UML 표기법으로가장적절한
것은?
①
②
③
④
①가- 유효성점검,
나- 일관성점검
②가- 실현성점검,
나- 완전성점검
③다- 완전성점검,
라- 유효성점검
④다- 일관성점검,
라- 실현성점검",2025,45,,"[2015, 2016, 2017, 2019, 2020, 2021, 2022, 2023, 2024, 2025]","[{""year"": 2025, ""num"": 45}, {""year"": 2024, ""num"": 28}, {""year"": 2024, ""num"": 26}, {""year"": 2023, ""num"": 31}, {""year"": 2022, ""num"": 41}, {""year"": 2021, ""num"": 37}, {""year"": 2020, ""num"": 35}, {""year"": 2019, ""num"": 30}, {""year"": 2017, ""num"": 32}, {""year"": 2017, ""num"": 31}, {""year"": 2017, ""num"": 29}, {""year"": 2016, ""num"": 50}, {""year"": 2016, ""num"": 30}, {""year"": 2015, ""num"": 39}, {""year"": 2015, ""num"": 31}]"
128,SE,frequent,모듈화 (결합도 및 응집도),요구분석/설계,12,"모듈 독립성을 극대화하기 위해 '강한 응집도, 약한 결합도'를 지향하는 아키텍처 설계 지표",응집도 7단계(우연->논리->시간->절차->통신->순차->기능적 응집도) 및 결합도 6단계(자료->스탬프->제어->외부->공통->내용 결합도)의 강약 순서와 소스 코드 모듈 분석을 질문합니다.,요구분석/설계 -> 아키텍처 품질,"32. 시스템의 유지보수성과 확장성을 향상시키기 위해 
아래와 같은 방향으로 설계를 개선하려고 한다.
모듈 간 의존관계를 최소화하고 각 모듈이 하나의 
기능 중심으로 구성되도록 한다. 그리고 모듈 내부 
구현 정보는 외부에 노출하지 않도록 한다.
다음 중 위 설계 개선에 적용할 수 있는 소프트웨
어 설계 기법의 조합으로 가장 적합한 것은?
  ① 응집도 감소 – 결합도 증가 – 정보은닉 강화
  ② 응집도 증가 – 결합도 감소 – 정보은닉 강화
  ③ 결합도 증가 – 추상화 강화 – 모듈화 강화
  ④ 모듈화 강화 – 응집도 감소 – 추상화 강화",2026,32,,"[2015, 2018, 2019, 2021, 2022, 2023, 2026]","[{""year"": 2026, ""num"": 32}, {""year"": 2023, ""num"": 37}, {""year"": 2023, ""num"": 28}, {""year"": 2022, ""num"": 50}, {""year"": 2022, ""num"": 40}, {""year"": 2021, ""num"": 36}, {""year"": 2019, ""num"": 33}, {""year"": 2018, ""num"": 46}, {""year"": 2015, ""num"": 49}, {""year"": 2015, ""num"": 43}, {""year"": 2015, ""num"": 40}, {""year"": 2015, ""num"": 32}]"
129,SE,frequent,형상 관리 활동 (식별/통제/감사/기록),유지관리/운영,10,소프트웨어 생명주기 전반에 걸쳐 모든 개발 산출물의 버전 및 변경 이력을 통제하는 활동,"베이스라인(Baseline) 설정, 변경 관리의 최종 의결 기구인 형상 통제 위원회(CCB)의 승인 프로세스, 그리고 식별->통제->감사->기록으로 이어지는 4대 고유 활동 순서와 정의를 검증합니다.",유지관리/운영 -> 형상 관리,"36. 다음은 형상관리 활동에 대한 설명이다. 각 활동을 
적용시기 순으로 나열한 것으로 가장 적합한 것은?
 가. 변경에 대한 반영이 정확히 이루어졌는지를 
평가한다.
 나. 형상 항목에 대한 상태를 기록하고 보고한다.
 다. 변경 요청이 발생했을 때 해당 변경에 대한 
평가, 변경 승인 등의 활동을 수행한다.
 라. 기준에 따라 형상 항목을 선정하고 항목 간의 
관계를 정의한다.
  ① 라, 나, 다, 가
② 라, 다, 가, 나
  ③ 다, 라, 나, 가
④ 라, 다, 나, 가",2026,36,,"[2015, 2017, 2018, 2019, 2020, 2021, 2023, 2026]","[{""year"": 2026, ""num"": 36}, {""year"": 2023, ""num"": 49}, {""year"": 2023, ""num"": 43}, {""year"": 2021, ""num"": 40}, {""year"": 2020, ""num"": 50}, {""year"": 2019, ""num"": 49}, {""year"": 2018, ""num"": 43}, {""year"": 2017, ""num"": 39}, {""year"": 2017, ""num"": 27}, {""year"": 2015, ""num"": 33}]"
130,SE,frequent,상태/활동 다이어그램 (UML),요구분석/설계,9,단일 객체의 상태 전이(State Machine) 및 업무 프로세스의 제어 흐름(Activity) 분석,"상태 전이 이벤트, Guard 조건, 내부 액션(entry, do, exit) 해석과 활동 다이어그램의 병렬 분기/결합(Fork/Join, Decision/Merge) 메커니즘을 주로 묻습니다.",요구분석/설계 -> 동적 모델링,"34. 다음 UML State Machine 다이어그램에 대해, 
초기상태에서 E1 이벤트와 E2 이벤트가 연달아 
발생하여 최종적으로 전이된 상태에서의  값으
로 올바른 것은?
  ① 3
② 5
  ③ 8
④ 10",2026,34,,"[2016, 2017, 2018, 2021, 2023, 2024, 2026]","[{""year"": 2026, ""num"": 34}, {""year"": 2024, ""num"": 31}, {""year"": 2024, ""num"": 28}, {""year"": 2023, ""num"": 40}, {""year"": 2021, ""num"": 39}, {""year"": 2018, ""num"": 45}, {""year"": 2017, ""num"": 46}, {""year"": 2017, ""num"": 41}, {""year"": 2016, ""num"": 30}]"
131,SE,frequent,시퀀스 다이어그램 (UML),요구분석/설계,8,객체 간 주고받는 동적 메시지 흐름을 시간 순서에 따라 시각화 및 분석,"동기 메시지(채워진 실선), 비동기 메시지(선형 실선), 반환 메시지(점선) 및 Alt, Opt, Loop, Par 복합 프레임 내 실행 제어 흐름과 객체 간 생명주기 분석이 출제됩니다.",요구분석/설계 -> 동적 모델링,"31. 다음 시퀀스 다이어그램에 대해 적법한 실행 흐름
(interaction trace)은? 
  ① a → f
  ② a → d → f 
  ③ a → b → c → e → f
  ④ a → b → c → d → e → f",2026,31,,"[2015, 2016, 2021, 2022, 2023, 2025, 2026]","[{""year"": 2026, ""num"": 31}, {""year"": 2025, ""num"": 29}, {""year"": 2023, ""num"": 26}, {""year"": 2022, ""num"": 50}, {""year"": 2022, ""num"": 45}, {""year"": 2021, ""num"": 49}, {""year"": 2016, ""num"": 30}, {""year"": 2015, ""num"": 44}]"
132,SE,frequent,CMMI 모델,품질/비용산정,8,소프트웨어 개발 프로세스 역량 평가 및 프로세스 성숙도 평가 모델,단계형 표현의 5가지 성숙도 수준(Initial->Managed->Defined->Quantitatively Managed->Optimizing)의 고유 특징과 각 수준별 핵심 프로세스 영역(PA) 매핑을 물어봅니다.,품질/비용산정 -> 프로세스 개선 모델,"29. 다음 중 CMMI 성숙도 수준(Level) 4의 특징을 가장 
잘 설명한 것은?
  ① 프로세스 성능을 정량적으로 측정하고 통계적 
기법을 통해 관리한다.
  ② 프로젝트 관리가 기본적으로 수행된다.
  ③ 조직의 프로세스가 정의되고 표준화된다.
  ④ 지속적인 프로세스 혁신을 통해 조직 성능을 
최적화한다.",2026,29,,"[2015, 2017, 2018, 2019, 2023, 2024, 2026]","[{""year"": 2026, ""num"": 29}, {""year"": 2024, ""num"": 43}, {""year"": 2023, ""num"": 38}, {""year"": 2023, ""num"": 32}, {""year"": 2019, ""num"": 34}, {""year"": 2018, ""num"": 34}, {""year"": 2017, ""num"": 27}, {""year"": 2015, ""num"": 42}]"
133,SE,frequent,SOLID 객체지향 설계 원칙,요구분석/설계,8,유지보수와 확장에 유리한 객체지향 클래스 설계를 위한 5가지 원칙,"단일 책임(SRP), 개방 폐쇄(OCP), 리스코프 치환(LSP - 상속 계약 준수), 인터페이스 분리(ISP), 의존 역전(DIP - 추상화 의존)의 의미를 이해하고 코드가 어떤 원칙을 위배했는지 평가합니다.",요구분석/설계 -> 객체지향 설계,"35. 다음 중 SOLID 설계원칙에 대한 설명으로 가장 
거리가 먼 것은?
  ① SRP 원칙에 의하면 클래스는 단 하나의 변경 
이유만을 가져야 한다. 
  ② OCP 원칙을 잘 준수하는 경우 기존의 코드를 
변경하지 않으면서도 새로운 기능을 추가하기가 
용이하다. 
  ③ DIP 원칙에 의하면 의존 관계를 설정할 때 변화
하기 어렵거나 거의 변화하지 않을 대상에 대해 
의존관계를 가지는 것이 바람직하다. 
  ④ LSP 원칙을 통해 일반화 관계가 적절히 사용되
었는지 점검할 수 있으며, 이 원칙을 위반하면 
컴파일러가 자동적으로 에러를 발생시킨다.",2026,35,,"[2016, 2017, 2019, 2021, 2024, 2026]","[{""year"": 2026, ""num"": 35}, {""year"": 2024, ""num"": 46}, {""year"": 2021, ""num"": 48}, {""year"": 2021, ""num"": 26}, {""year"": 2019, ""num"": 29}, {""year"": 2017, ""num"": 47}, {""year"": 2017, ""num"": 26}, {""year"": 2016, ""num"": 27}]"
134,SE,frequent,3R (역공학/재공학/재사용),유지관리/운영,8,레거시 시스템을 분석하여 현대적으로 재설계 및 자산화하는 소프트웨어 진화 활동,"대상 소스 코드로부터 추상화 모델을 복원(역공학), 기존 소스를 분석하여 새로운 요건과 기술을 적용해 개선(재공학), 범용 모듈을 자산화하여 신규 개발 비용을 절감(재사용)을 구분합니다.",유지관리/운영 -> 소프트웨어 진화,"27. 다음 중 소프트웨어 비용산정 모델인 COCOMO II
에 대한 설명으로 가장 적절하지 않은 것은?
  ① COCOMO II 2000 계수조정모델에서 소프트웨어 
개발에 소요되는 노력의 양은 소프트웨어 규모
에 대해 규모의 경제(Scale of Economy) 효과를 
가지지 못한다. 
  ② 외부입력(EI)의 복잡도 가중치와 외부질의(EQ)의 
복잡도 가중치는 같다.
  ③ 재사용 모델에서 변경률(AAF)의 산정시 코드 변
경률(CM)에 대한 가중치가 설계 변경률(DM)에 
대한 가중치와 재사용 소프트웨어에 대한 통합
노력률(IM)에 대한 가중치 보다 높다. 
  ④ 재사용 모델에서 설계 변경률(DM) 또는 코드 변
경률(CM)이 0이면, 소프트웨어에 대한 이해도
(SU)는 0이 된다.",2024,27,,"[2016, 2017, 2018, 2020, 2022, 2023, 2024]","[{""year"": 2024, ""num"": 27}, {""year"": 2023, ""num"": 28}, {""year"": 2022, ""num"": 37}, {""year"": 2022, ""num"": 31}, {""year"": 2020, ""num"": 42}, {""year"": 2018, ""num"": 27}, {""year"": 2017, ""num"": 40}, {""year"": 2016, ""num"": 44}]"
135,SE,frequent,기능 점수 (Function Point) 산정,품질/비용산정,8,LOC가 아닌 사용자 요구 기능 사양(데이터 및 트랜잭션 크기)을 정량 평가하여 SW 규모를 산정하는 표준,"데이터 기능(ILF 내부논리파일, EIF 외부연계파일)과 트랜잭션 기능(EI 외부입력, EO 외부출력, EQ 외부조회)의 가중치를 계산하고, 보정계수를 곱하여 소프트웨어 대가를 정밀 계산하는 문항입니다.",품질/비용산정 -> 비용 산정,"26. 공공기관 A에서 민원관리 정보시스템을 새로 개
발하면서 기능점수(function point) 분석을 수행하고 
있다. 시스템 분석 과정에서 아래와 같은 요구
사항들이 파악되었다. 아래 민원관리 시스템 
기능점수의 Internal Logical File(ILF)과 External 
Interface File(EIF)의 개수로 가장 적합한 것은?
- 민원관리 시스템에서는 민원 신청 정보를 
저장하고 민원 처리 상태를 갱신하며 필요시 
기존 민원 정보를 수정할 수 있다.
- 민원 처리 과정에서 기존 인사시스템에 저장된 
직원 정보와 기존 회계시스템의 예산 데이터를 
조회하여 활용한다.
  ① ILF 1개, EIF 1개
  ② ILF 1개, EIF 2개
  ③ ILF 1개, EIF 3개
  ④ ILF 2개, EIF 1개",2026,26,,"[2015, 2016, 2018, 2020, 2024, 2026]","[{""year"": 2026, ""num"": 26}, {""year"": 2024, ""num"": 48}, {""year"": 2024, ""num"": 27}, {""year"": 2020, ""num"": 48}, {""year"": 2018, ""num"": 26}, {""year"": 2016, ""num"": 46}, {""year"": 2016, ""num"": 45}, {""year"": 2015, ""num"": 34}]"
136,SE,frequent,화이트박스 테스팅 & 커버리지,구현/테스트,6,코드의 내부 제어 구조를 기반으로 경로를 실행하여 검증하는 동적 테스트 기법,"구문(Statement), 결정(Decision), 조건(Condition), 결정/조건, 다중 조건 커버리지의 포함 관계와 제어 흐름 그래프(CFG)에서의 순환 복잡도(McCabe: E - N + 2) 및 최소 테스트 케이스 계산이 매년 출제됩니다.",구현/테스트 -> 화이트박스 테스팅,"45. 다음 소스 코드 커버리지의 포함 관계에서 
(가)~(라)에 해당하는 항목으로 바르게 연결한 
것은?
①(가) 구문커버리지
(나) 조건/결정커버리지
(다) 변경 조건/결정 커버리지
(라) 다중 조건 커버리지
②(가) 다중 조건 커버리지
(나) 조건/결정커버리지
(다) 변경 조건/결정 커버리지
(라) 구문커버리지
③(가) 구문커버리지
(나) 변경 조건/결정 커버리지
(다) 조건/결정커버리지
(라) 다중 조건 커버리지
④(가) 다중 조건 커버리지
(나) 변경 조건/결정 커버리지
(다) 조건/결정커버리지
(라) 구문커버리지",2023,45,,"[2016, 2017, 2019, 2020, 2021, 2023]","[{""year"": 2023, ""num"": 45}, {""year"": 2021, ""num"": 29}, {""year"": 2020, ""num"": 33}, {""year"": 2019, ""num"": 50}, {""year"": 2017, ""num"": 44}, {""year"": 2016, ""num"": 38}]"
137,SE,frequent,ISO/IEC/IEEE 29119 표준,구현/테스트,5,소프트웨어 테스팅 국제 표준 구조 및 전 수명주기 테스트 프로세스 체계,"Part 1(개념/정의)~Part 5(키워드 드리븐 테스팅)의 구성 요소 및 테스트 계획서, 테스트 시나리오 등 산출물 표준 정의를 평가합니다.",구현/테스트 -> 테스트 표준,"36. IEEE 29119에서는 combinatorial test design 방법
으로서 base choice 방법을 제시하고 있다. 다음
과 같이 4개의 글꼴 이름, 5개의 글꼴 크기, 3개
의 스타일에 대한 테스트를 base choice 방법을 
사용할 때 테스트케이스 수로서 가장 적절한 것
은?
·글꼴 이름: 궁서, 굴림, 바탕, 고딕
·글꼴 크기: 10, 12, 14, 16, 18
·스타일: 밑줄, 기울임, 보통
  ① 5개
② 10개
  ③ 20개
④ 60개",2024,36,,"[2018, 2021, 2023, 2024]","[{""year"": 2024, ""num"": 36}, {""year"": 2024, ""num"": 34}, {""year"": 2023, ""num"": 34}, {""year"": 2021, ""num"": 44}, {""year"": 2018, ""num"": 37}]"
138,SE,frequent,SDLC 프로세스 모델 (폭포수/나선형/V-모델),방법론/플랫폼,5,"소프트웨어 개발 전 주기 ","폭포수(선형 순차형), V-모델(개발과 테스트 단계 간 1:1 대칭 검증), 나선형(위험 분석 및 완화를 통한 점진적 진화) 모델의 고유 특징과 적합 프로젝트 선정을 출제합니다.",방법론/플랫폼 -> 프로세스 모델,"44. 다음의 상황에서 사용할 수 있는 요구사항 추출 
방법으로 가장 적절한 것은?
가. 고객이 자신의 요구사항에 대하여 구체적으로 
파악하고 있지 못한 상태임
나. 최종 시스템의 예상 기능 중 일부를 빠르게 구
현하여 고객의 피드백을 조기에 받고자함
다. 발굴된 아이디어를 시험하고 검증하여 새로운 
아이디어를 얻고자함
  ① 관찰(Observation)
  ② 인터뷰(Interview)
  ③ 브레인스토밍(Brainstorming)
  ④ 프로토타이핑(Prototyping)",2024,44,,"[2015, 2018, 2020, 2024]","[{""year"": 2024, ""num"": 44}, {""year"": 2020, ""num"": 34}, {""year"": 2018, ""num"": 47}, {""year"": 2018, ""num"": 33}, {""year"": 2015, ""num"": 26}]"
139,SE,frequent,코드 스멜 (Bad Smell),유지관리/운영,5,시스템 아키텍처나 소스 코드에서 유지보수성 저하를 유발하는 잘못된 설계 징후,"중복 코드, 너무 긴 메서드, 거대한 클래스, 기능에 대한 욕심(Feature Envy), 산재한 변경(Shotgun Surgery) 등 코드 악취 유형을 정의하고 적합한 리팩토링 전략을 맵핑하는 문제입니다.",유지관리/운영 -> 코드 품질 개선,"30. 다음 설명으로 가장 적절한 용어는?
  ① Common Weakness Enumeration
  ② Technical Debt
  ③ Bad Smells
  ④ Anti-patterns",2023,30,,"[2016, 2019, 2021, 2023]","[{""year"": 2023, ""num"": 30}, {""year"": 2021, ""num"": 41}, {""year"": 2019, ""num"": 28}, {""year"": 2016, ""num"": 40}, {""year"": 2016, ""num"": 37}]"
140,SE,frequent,클린 아키텍처 (Clean Architecture),방법론/플랫폼,5,"비즈니스 규칙(Core Domain) 중심 설계와 외부 기술(DB, 프레임워크)의 철저한 관심사 격리","의존성 방향은 항상 고수준 핵심 비즈니스 영역(안쪽 엔티티)으로만 흐르며, 제어 흐름 역전을 통해 외부 어댑터 레이어와의 결합을 낮추는 의존성 제어 규칙이 핵심 출제 주제입니다.",방법론/플랫폼 -> 아키텍처 패턴,"26. Clean Architecture에서는패키지의Instability를
측정하기위한메트릭을정의하고있다. 다음다이어
그램에서P3 패키지의Instability 값으로가장적절한
것은?
     
①0.3
②0.4
③0.5
④0.6",2025,26,,"[2019, 2020, 2022, 2023, 2025]","[{""year"": 2025, ""num"": 26}, {""year"": 2023, ""num"": 28}, {""year"": 2022, ""num"": 41}, {""year"": 2020, ""num"": 35}, {""year"": 2019, ""num"": 33}]"
141,SE,frequent,COCOMO / 비용산정 모델,품질/비용산정,4,소프트웨어의 원시 코드 라인수(LOC) 기반의 비용 및 노력 추정 모델,"COCOMO II 단계(애플리케이션 조성, 초기 설계, 포스트 아키텍처)의 차이점, 규모에 따른 프로젝트 유형(유기형, 반결합형, 내장형) 특징 및 노력보정계수를 반영한 M/M(Man-Month) 연산이 핵심입니다.",품질/비용산정 -> 비용 산정,"27. 다음 중 소프트웨어 비용산정 모델인 COCOMO II
에 대한 설명으로 가장 적절하지 않은 것은?
  ① COCOMO II 2000 계수조정모델에서 소프트웨어 
개발에 소요되는 노력의 양은 소프트웨어 규모
에 대해 규모의 경제(Scale of Economy) 효과를 
가지지 못한다. 
  ② 외부입력(EI)의 복잡도 가중치와 외부질의(EQ)의 
복잡도 가중치는 같다.
  ③ 재사용 모델에서 변경률(AAF)의 산정시 코드 변
경률(CM)에 대한 가중치가 설계 변경률(DM)에 
대한 가중치와 재사용 소프트웨어에 대한 통합
노력률(IM)에 대한 가중치 보다 높다. 
  ④ 재사용 모델에서 설계 변경률(DM) 또는 코드 변
경률(CM)이 0이면, 소프트웨어에 대한 이해도
(SU)는 0이 된다.",2024,27,,"[2015, 2016, 2024]","[{""year"": 2024, ""num"": 27}, {""year"": 2016, ""num"": 46}, {""year"": 2016, ""num"": 44}, {""year"": 2015, ""num"": 46}]"
142,SE,frequent,SysML 모델링,요구분석/설계,3,하드웨어와 소프트웨어가 융합된 복잡한 시스템 엔지니어링 모델링 표준 명세,요구사항 간 추적을 표시하는 요구사항 다이어그램(Requirement Diagram)과 물리 수식/수학적 제약조건을 정의하는 파라메트릭 다이어그램(Parametric Diagram)의 특징 비교가 출제됩니다.,요구분석/설계 -> 시스템 모델링,"32. 다음중SysML의Requirement Diagram이표현
하는정보에해당되는것으로가장적절한것은?
가. 요구사항의계층구조를가시적으로표현한다.
나. 다른모델요소들과의관계를표현한다.
다. 개별요구사항에대하여표현한다.
라. 입력, 출력, 처리의흐름관점에서표현한다.
마. 시스템특성의제약사항에대한수식을표현한다.
①가, 나, 다
②가, 다, 라
③나, 다, 마
④다, 라, 마",2025,32,,"[2023, 2024, 2025]","[{""year"": 2025, ""num"": 32}, {""year"": 2024, ""num"": 31}, {""year"": 2023, ""num"": 31}]"
143,SE,frequent,MSA (마이크로서비스 아키텍처),방법론/플랫폼,3,하나의 거대 서비스를 여러 개의 독립 배포 가능한 초소형 서비스로 결합하는 아키텍처,"도메인 주도 설계(DDD)의 Bounded Context 활용, 서비스별 독립 DB(Database per Service) 패턴, Saga 패턴을 이용한 분산 트랜잭션 처리, API Gateway 적용에 초점이 맞춰집니다.",방법론/플랫폼 -> 아키텍처 패턴,"49. 마이크로서비스 설계를 위한 다음 그림의 특정 패
턴을 적용하기 위한 Best Practice로 가장 적절한 
것은?
  ① 데이터베이스는 비즈니스 규칙이 아닌 데이터를 
저장하기 위한 용도로만 사용되어야 한다. 
  ② 데이터를 읽고, 쓰는 책임을 분리하는 CQRS 
코딩 패턴을 적용해야 한다. 
  ③ 서비스간 통신오류 방지를 위해 연관 ID를 정의
하여 사용해야 한다. 
  ④ 비동기 메시지의 구조를 잘 이해하고 정의해야 
한다.",2026,49,,"[2023, 2025, 2026]","[{""year"": 2026, ""num"": 49}, {""year"": 2025, ""num"": 37}, {""year"": 2023, ""num"": 39}]"
144,SE,frequent,ITIL / ITSM 및 SLA,유지관리/운영,3,고객 관점의 안정적인 IT 서비스 운영 및 유지관리를 위한 표준 품질 관리 체계,"ITIL v4 서비스 가치 시스템, SLA(서비스 수준 계약) 상의 가용성/장애 처리 속도 등 정량 평가지표, 이를 관리하는 SLM(서비스 수준 관리) 수명주기 활동을 주로 묻습니다.",유지관리/운영 -> IT 서비스 관리,"40. ITIL 4는IT 서비스관리의프레임워크이다. ITIL
Service Value System(SVS)에서는14개의General
Management Practices, 17개의Service Management
Practices,
그리고
3개의
Technical
Management
Practices를포함한다. 다음중Service Management
Practices로가장적절하지않은것은?
①Business Analysis
②Change Control
③IT Asset Management
④Software Deployment and Management",2025,40,,"[2019, 2020, 2025]","[{""year"": 2025, ""num"": 40}, {""year"": 2020, ""num"": 38}, {""year"": 2019, ""num"": 43}]"
145,SE,frequent,[기타],기타,125,기출문제 중 기존 세부 개념으로 정의되지 않은 기타 문항들입니다.,기타 분류된 문제 리스트를 검토하여 누락된 개념이나 특이 문제 유형을 점검합니다.,기타,"50. 다음 표는 어떤 프로젝트를 수행하는데 필요한 
작업, 작업 수행기간, 작업들 간의 종속 관계를 
나타낸 것이다. 프로젝트 전체 일정이 지연되지 
않고 원래 일정대로 종료되어야 한다면 T6 작업
의 허용 가능한 최대 지연 시간(Slack Time)은?
  ① 8일
② 11일
  ③ 13일
④ 15일
작업
작업 수행 기간(일)
종속 관계
T1
4
-
T2
7
T1
T3
9
T1
T4
6
T2
T5
11
T2, T3
T6
8
T3
T7
10
T4, T5
T8
6
T6, T7",2026,50,,"[2015, 2016, 2017, 2018, 2019, 2020, 2021, 2022, 2023, 2024, 2025, 2026]","[{""year"": 2026, ""num"": 50}, {""year"": 2026, ""num"": 48}, {""year"": 2026, ""num"": 47}, {""year"": 2026, ""num"": 45}, {""year"": 2026, ""num"": 44}, {""year"": 2026, ""num"": 42}, {""year"": 2026, ""num"": 41}, {""year"": 2026, ""num"": 39}, {""year"": 2026, ""num"": 37}, {""year"": 2026, ""num"": 30}, {""year"": 2025, ""num"": 50}, {""year"": 2025, ""num"": 47}, {""year"": 2025, ""num"": 46}, {""year"": 2025, ""num"": 44}, {""year"": 2025, ""num"": 43}, {""year"": 2025, ""num"": 42}, {""year"": 2025, ""num"": 39}, {""year"": 2025, ""num"": 38}, {""year"": 2025, ""num"": 36}, {""year"": 2025, ""num"": 35}, {""year"": 2025, ""num"": 34}, {""year"": 2025, ""num"": 33}, {""year"": 2025, ""num"": 30}, {""year"": 2025, ""num"": 28}, {""year"": 2024, ""num"": 49}, {""year"": 2024, ""num"": 47}, {""year"": 2024, ""num"": 45}, {""year"": 2024, ""num"": 42}, {""year"": 2024, ""num"": 38}, {""year"": 2024, ""num"": 37}, {""year"": 2024, ""num"": 33}, {""year"": 2024, ""num"": 30}, {""year"": 2024, ""num"": 29}, {""year"": 2023, ""num"": 50}, {""year"": 2023, ""num"": 48}, {""year"": 2023, ""num"": 47}, {""year"": 2023, ""num"": 46}, {""year"": 2023, ""num"": 44}, {""year"": 2023, ""num"": 42}, {""year"": 2023, ""num"": 41}, {""year"": 2023, ""num"": 36}, {""year"": 2023, ""num"": 35}, {""year"": 2023, ""num"": 33}, {""year"": 2023, ""num"": 29}, {""year"": 2023, ""num"": 27}, {""year"": 2022, ""num"": 49}, {""year"": 2022, ""num"": 44}, {""year"": 2022, ""num"": 39}, {""year"": 2022, ""num"": 36}, {""year"": 2022, ""num"": 35}, {""year"": 2022, ""num"": 33}, {""year"": 2022, ""num"": 32}, {""year"": 2022, ""num"": 30}, {""year"": 2022, ""num"": 29}, {""year"": 2022, ""num"": 27}, {""year"": 2022, ""num"": 26}, {""year"": 2021, ""num"": 47}, {""year"": 2021, ""num"": 46}, {""year"": 2021, ""num"": 45}, {""year"": 2021, ""num"": 43}, {""year"": 2021, ""num"": 34}, {""year"": 2021, ""num"": 32}, {""year"": 2020, ""num"": 49}, {""year"": 2020, ""num"": 47}, {""year"": 2020, ""num"": 46}, {""year"": 2020, ""num"": 45}, {""year"": 2020, ""num"": 39}, {""year"": 2020, ""num"": 37}, {""year"": 2020, ""num"": 32}, {""year"": 2020, ""num"": 29}, {""year"": 2020, ""num"": 27}, {""year"": 2020, ""num"": 26}, {""year"": 2019, ""num"": 48}, {""year"": 2019, ""num"": 46}, {""year"": 2019, ""num"": 44}, {""year"": 2019, ""num"": 42}, {""year"": 2019, ""num"": 40}, {""year"": 2019, ""num"": 38}, {""year"": 2019, ""num"": 36}, {""year"": 2019, ""num"": 35}, {""year"": 2019, ""num"": 32}, {""year"": 2019, ""num"": 26}, {""year"": 2018, ""num"": 50}, {""year"": 2018, ""num"": 49}, {""year"": 2018, ""num"": 44}, {""year"": 2018, ""num"": 42}, {""year"": 2018, ""num"": 36}, {""year"": 2018, ""num"": 32}, {""year"": 2018, ""num"": 31}, {""year"": 2018, ""num"": 30}, {""year"": 2018, ""num"": 28}, {""year"": 2017, ""num"": 50}, {""year"": 2017, ""num"": 45}, {""year"": 2017, ""num"": 43}, {""year"": 2017, ""num"": 42}, {""year"": 2017, ""num"": 38}, {""year"": 2017, ""num"": 37}, {""year"": 2017, ""num"": 36}, {""year"": 2017, ""num"": 35}, {""year"": 2017, ""num"": 34}, {""year"": 2017, ""num"": 33}, {""year"": 2017, ""num"": 28}, {""year"": 2016, ""num"": 49}, {""year"": 2016, ""num"": 48}, {""year"": 2016, ""num"": 47}, {""year"": 2016, ""num"": 41}, {""year"": 2016, ""num"": 39}, {""year"": 2016, ""num"": 36}, {""year"": 2016, ""num"": 34}, {""year"": 2016, ""num"": 33}, {""year"": 2016, ""num"": 31}, {""year"": 2016, ""num"": 29}, {""year"": 2016, ""num"": 28}, {""year"": 2016, ""num"": 26}, {""year"": 2015, ""num"": 50}, {""year"": 2015, ""num"": 48}, {""year"": 2015, ""num"": 47}, {""year"": 2015, ""num"": 45}, {""year"": 2015, ""num"": 37}, {""year"": 2015, ""num"": 36}, {""year"": 2015, ""num"": 35}, {""year"": 2015, ""num"": 29}, {""year"": 2015, ""num"": 28}, {""year"": 2019, ""num"": 27}, {""year"": 2016, ""num"": 35}]"
146,SE,official,"1-a. 요구사항 도출, 요구사항 분석, 요구사항 명세, 요구사항 추적",1. 요구사항분석 및 설계,37,요구사항 생명주기 관리,"요구사항 도출 기법, 분석 원리, 명세서 가라인, 추적 매트릭스 구성 요소를 검증합니다.",요구분석 및 설계,"45. 보통의경우Normal 유스케이스시나리오가사용
되지만특정조건하에서Conditional 유스케이스
시나리오가사용된다는UML 표기법으로가장적절한
것은?
①
②
③
④
①가- 유효성점검,
나- 일관성점검
②가- 실현성점검,
나- 완전성점검
③다- 완전성점검,
라- 유효성점검
④다- 일관성점검,
라- 실현성점검",2025,45,,"[2015, 2016, 2017, 2018, 2019, 2020, 2021, 2022, 2023, 2024, 2025]","[{""year"": 2025, ""num"": 45}, {""year"": 2025, ""num"": 43}, {""year"": 2025, ""num"": 32}, {""year"": 2024, ""num"": 44}, {""year"": 2024, ""num"": 28}, {""year"": 2024, ""num"": 26}, {""year"": 2023, ""num"": 47}, {""year"": 2023, ""num"": 37}, {""year"": 2023, ""num"": 34}, {""year"": 2023, ""num"": 31}, {""year"": 2022, ""num"": 49}, {""year"": 2022, ""num"": 42}, {""year"": 2022, ""num"": 41}, {""year"": 2022, ""num"": 27}, {""year"": 2022, ""num"": 26}, {""year"": 2021, ""num"": 47}, {""year"": 2021, ""num"": 37}, {""year"": 2020, ""num"": 35}, {""year"": 2020, ""num"": 34}, {""year"": 2020, ""num"": 26}, {""year"": 2019, ""num"": 38}, {""year"": 2019, ""num"": 32}, {""year"": 2019, ""num"": 30}, {""year"": 2019, ""num"": 26}, {""year"": 2018, ""num"": 42}, {""year"": 2018, ""num"": 33}, {""year"": 2018, ""num"": 27}, {""year"": 2017, ""num"": 32}, {""year"": 2017, ""num"": 31}, {""year"": 2017, ""num"": 29}, {""year"": 2016, ""num"": 50}, {""year"": 2016, ""num"": 30}, {""year"": 2016, ""num"": 26}, {""year"": 2015, ""num"": 41}, {""year"": 2015, ""num"": 39}, {""year"": 2015, ""num"": 33}, {""year"": 2015, ""num"": 31}]"
147,SE,official,1-b. 객체지향 개념,1. 요구사항분석 및 설계,38,객체지향 설계 핵심 원칙,"상속, 다형성, 캡슐화, 추상화 및 5대 의존 관계의 소스 코드 매핑 구조를 검증합니다.",요구분석 및 설계,"49. 마이크로서비스 설계를 위한 다음 그림의 특정 패
턴을 적용하기 위한 Best Practice로 가장 적절한 
것은?
  ① 데이터베이스는 비즈니스 규칙이 아닌 데이터를 
저장하기 위한 용도로만 사용되어야 한다. 
  ② 데이터를 읽고, 쓰는 책임을 분리하는 CQRS 
코딩 패턴을 적용해야 한다. 
  ③ 서비스간 통신오류 방지를 위해 연관 ID를 정의
하여 사용해야 한다. 
  ④ 비동기 메시지의 구조를 잘 이해하고 정의해야 
한다.",2026,49,,"[2015, 2016, 2017, 2018, 2019, 2020, 2021, 2022, 2023, 2024, 2025, 2026]","[{""year"": 2026, ""num"": 49}, {""year"": 2026, ""num"": 35}, {""year"": 2026, ""num"": 33}, {""year"": 2026, ""num"": 32}, {""year"": 2025, ""num"": 45}, {""year"": 2024, ""num"": 46}, {""year"": 2024, ""num"": 41}, {""year"": 2024, ""num"": 38}, {""year"": 2024, ""num"": 32}, {""year"": 2024, ""num"": 31}, {""year"": 2024, ""num"": 30}, {""year"": 2023, ""num"": 34}, {""year"": 2023, ""num"": 28}, {""year"": 2022, ""num"": 49}, {""year"": 2022, ""num"": 45}, {""year"": 2022, ""num"": 41}, {""year"": 2022, ""num"": 39}, {""year"": 2022, ""num"": 26}, {""year"": 2021, ""num"": 40}, {""year"": 2021, ""num"": 36}, {""year"": 2020, ""num"": 50}, {""year"": 2020, ""num"": 41}, {""year"": 2020, ""num"": 35}, {""year"": 2020, ""num"": 26}, {""year"": 2019, ""num"": 49}, {""year"": 2019, ""num"": 35}, {""year"": 2019, ""num"": 32}, {""year"": 2018, ""num"": 43}, {""year"": 2018, ""num"": 37}, {""year"": 2017, ""num"": 50}, {""year"": 2017, ""num"": 47}, {""year"": 2017, ""num"": 31}, {""year"": 2017, ""num"": 28}, {""year"": 2016, ""num"": 28}, {""year"": 2015, ""num"": 49}, {""year"": 2015, ""num"": 38}, {""year"": 2015, ""num"": 29}, {""year"": 2015, ""num"": 27}]"
148,SE,official,1-c. 설계원리,1. 요구사항분석 및 설계,20,결합도와 응집도 및 설계 원리,SOLID 설계 원칙과 강한 응집도/약한 결합도를 달성하기 위한 상세 설계 요소를 질문합니다.,요구분석 및 설계,"35. 다음 중 SOLID 설계원칙에 대한 설명으로 가장 
거리가 먼 것은?
  ① SRP 원칙에 의하면 클래스는 단 하나의 변경 
이유만을 가져야 한다. 
  ② OCP 원칙을 잘 준수하는 경우 기존의 코드를 
변경하지 않으면서도 새로운 기능을 추가하기가 
용이하다. 
  ③ DIP 원칙에 의하면 의존 관계를 설정할 때 변화
하기 어렵거나 거의 변화하지 않을 대상에 대해 
의존관계를 가지는 것이 바람직하다. 
  ④ LSP 원칙을 통해 일반화 관계가 적절히 사용되
었는지 점검할 수 있으며, 이 원칙을 위반하면 
컴파일러가 자동적으로 에러를 발생시킨다.",2026,35,,"[2015, 2016, 2017, 2018, 2019, 2021, 2022, 2023, 2024, 2026]","[{""year"": 2026, ""num"": 35}, {""year"": 2026, ""num"": 32}, {""year"": 2024, ""num"": 46}, {""year"": 2023, ""num"": 37}, {""year"": 2023, ""num"": 28}, {""year"": 2022, ""num"": 50}, {""year"": 2022, ""num"": 40}, {""year"": 2021, ""num"": 48}, {""year"": 2021, ""num"": 36}, {""year"": 2021, ""num"": 26}, {""year"": 2019, ""num"": 33}, {""year"": 2019, ""num"": 29}, {""year"": 2018, ""num"": 46}, {""year"": 2017, ""num"": 47}, {""year"": 2017, ""num"": 26}, {""year"": 2016, ""num"": 27}, {""year"": 2015, ""num"": 49}, {""year"": 2015, ""num"": 43}, {""year"": 2015, ""num"": 40}, {""year"": 2015, ""num"": 32}]"
149,SE,official,1-d. UML/SysML 모델링,1. 요구사항분석 및 설계,48,UML 및 SysML 표기법 분석,"다양한 UML 다이어그램(클래스, 시퀀스, 상태, 활동)과 SysML 제약 조건 명세 특징을 검증합니다.",요구분석 및 설계,"34. 다음 UML State Machine 다이어그램에 대해, 
초기상태에서 E1 이벤트와 E2 이벤트가 연달아 
발생하여 최종적으로 전이된 상태에서의  값으
로 올바른 것은?
  ① 3
② 5
  ③ 8
④ 10",2026,34,,"[2015, 2016, 2017, 2018, 2019, 2021, 2022, 2023, 2024, 2025, 2026]","[{""year"": 2026, ""num"": 34}, {""year"": 2026, ""num"": 33}, {""year"": 2026, ""num"": 31}, {""year"": 2026, ""num"": 28}, {""year"": 2025, ""num"": 45}, {""year"": 2025, ""num"": 44}, {""year"": 2025, ""num"": 32}, {""year"": 2025, ""num"": 30}, {""year"": 2025, ""num"": 29}, {""year"": 2024, ""num"": 35}, {""year"": 2024, ""num"": 31}, {""year"": 2024, ""num"": 28}, {""year"": 2023, ""num"": 40}, {""year"": 2023, ""num"": 31}, {""year"": 2023, ""num"": 26}, {""year"": 2022, ""num"": 50}, {""year"": 2022, ""num"": 45}, {""year"": 2022, ""num"": 43}, {""year"": 2021, ""num"": 50}, {""year"": 2021, ""num"": 49}, {""year"": 2021, ""num"": 48}, {""year"": 2021, ""num"": 45}, {""year"": 2021, ""num"": 43}, {""year"": 2021, ""num"": 42}, {""year"": 2021, ""num"": 39}, {""year"": 2021, ""num"": 31}, {""year"": 2019, ""num"": 44}, {""year"": 2019, ""num"": 41}, {""year"": 2019, ""num"": 31}, {""year"": 2019, ""num"": 30}, {""year"": 2019, ""num"": 29}, {""year"": 2018, ""num"": 50}, {""year"": 2018, ""num"": 48}, {""year"": 2018, ""num"": 45}, {""year"": 2018, ""num"": 41}, {""year"": 2017, ""num"": 49}, {""year"": 2017, ""num"": 46}, {""year"": 2017, ""num"": 41}, {""year"": 2017, ""num"": 30}, {""year"": 2017, ""num"": 29}, {""year"": 2016, ""num"": 30}, {""year"": 2016, ""num"": 27}, {""year"": 2015, ""num"": 45}, {""year"": 2015, ""num"": 44}, {""year"": 2015, ""num"": 39}, {""year"": 2015, ""num"": 38}, {""year"": 2015, ""num"": 30}, {""year"": 2015, ""num"": 27}]"
150,SE,official,"1-e. 아키텍처 스타일(계층구조, 클라이언트 서버, 트랜잭션 처리, mvc, 이벤트 중심 등)",1. 요구사항분석 및 설계,15,소프트웨어 아키텍처 패턴,"MVC, Layered, Event-Driven, Repository 등 전통적인 아키텍처 스타일의 구성과 특징을 비교 평가합니다.",요구분석 및 설계,"44. 다음 상황에 가장 적합한 아키텍처 스타일은?
대규모 전자상거래 시스템을 개발하고자 한다. 상
품 검색, 주문 및 결제, 재고 관리, 배송 추적 기
능이 서로 독립적으로 배포되고 확장될 수 있어
야 하며, 특정 기능에 문제가 발생해도 전체 시스
템이 중단되지 않아야 한다. 또한 각 서비스는 서
로 다른 기술 스택으로 개발될 수 있다.
  ① Microservices Architecture
  ② Repository Architecture
  ③ Layered Architecture
  ④ Monolithic Architecture",2026,44,,"[2015, 2017, 2020, 2022, 2023, 2024, 2025, 2026]","[{""year"": 2026, ""num"": 44}, {""year"": 2026, ""num"": 27}, {""year"": 2025, ""num"": 38}, {""year"": 2025, ""num"": 29}, {""year"": 2024, ""num"": 45}, {""year"": 2023, ""num"": 37}, {""year"": 2023, ""num"": 35}, {""year"": 2023, ""num"": 33}, {""year"": 2022, ""num"": 32}, {""year"": 2020, ""num"": 35}, {""year"": 2020, ""num"": 27}, {""year"": 2017, ""num"": 33}, {""year"": 2015, ""num"": 50}, {""year"": 2015, ""num"": 48}, {""year"": 2015, ""num"": 47}]"
151,SE,official,1-f. 설계패턴,1. 요구사항분석 및 설계,18,GoF 디자인 패턴 실전 연계,"23대 생성, 구조, 행위 패턴의 자바 소스코드 수준 활용 방안을 질문합니다.",요구분석 및 설계,"38. 다음 그림과 같이 객체 타입에 따라 다른 동작을 
하는 조건 분기가 있는 경우에 적용한 리팩토링 
기법으로 가장 적절한 것은?
  ① Inline Method
  ② Encapsulate Downcast
  ③ Replace Conditional with Polymorphism
  ④ Replace Constructor with Factory Method",2026,38,,"[2015, 2017, 2018, 2019, 2020, 2021, 2022, 2025, 2026]","[{""year"": 2026, ""num"": 38}, {""year"": 2026, ""num"": 28}, {""year"": 2026, ""num"": 27}, {""year"": 2025, ""num"": 48}, {""year"": 2022, ""num"": 43}, {""year"": 2021, ""num"": 31}, {""year"": 2021, ""num"": 27}, {""year"": 2020, ""num"": 43}, {""year"": 2020, ""num"": 41}, {""year"": 2020, ""num"": 35}, {""year"": 2020, ""num"": 28}, {""year"": 2019, ""num"": 41}, {""year"": 2018, ""num"": 48}, {""year"": 2018, ""num"": 41}, {""year"": 2018, ""num"": 39}, {""year"": 2017, ""num"": 30}, {""year"": 2015, ""num"": 43}, {""year"": 2015, ""num"": 30}]"
152,SE,official,1-g. 사용자 인터페이스 설계,1. 요구사항분석 및 설계,11,UI/UX 설계 및 사용성 지침,"UI 설계 3대 규칙, 웹 접근성 설계 기준과 사용자 인터랙션 평가 기법을 질문합니다.",요구분석 및 설계,"37. 애자일 프로젝트 관리 방법인 스크럼(scrum)에 
대한 설명 중 가장 적절하지 않은 것은?
  ① 스크럼(scrum)은 소프트웨어 개발 팀이며 7명을 
넘지 않을 것을 권장한다. 
  ② 스프린트(sprint)는 개발에서 이루어지는 반복
을 의미하며 주로 2~4주 길이로 구성한다.
  ③ 제품 백로그(product backlog)는 해야 할 일에 대
한 목록이며 소프트웨어 요구사항 등이 포함된다.
  ④ 스크럼 마스터(scrum master)는 프로젝트 관리
자와 유사한 역할이며 팀이 스크럼 프로세스를 
효과적으로 따를 수 있도록 한다.
Ÿ
데이터의 생성과 소비에 관련된 내용으로 컴포
넌트들에 감지된 이벤트를 통해 상호작용한다.
Ÿ
데이터의 생성자와 사용자를 구분하고 이벤트
를 통하여 정보의 사용을 관리한다.
Ÿ
모든 컴포넌트는 이벤트 분배자(Distributor)
에 연결된다.
사용자 인터페이스를 시스템의 다른 부분과 분리
하여 결합도를 낮추기 위한 아키텍처 스타일로, 
사용자 인터페이스를 담당하는 계층의 응집력을 
높일 수 있고, 여러 개의 다른 UI를 만들어 그 사
이에 결합도를 낮출 수 있다.",2023,37,,"[2015, 2016, 2018, 2019, 2020, 2021, 2023]","[{""year"": 2023, ""num"": 37}, {""year"": 2023, ""num"": 28}, {""year"": 2021, ""num"": 30}, {""year"": 2020, ""num"": 42}, {""year"": 2020, ""num"": 35}, {""year"": 2019, ""num"": 39}, {""year"": 2018, ""num"": 35}, {""year"": 2016, ""num"": 44}, {""year"": 2016, ""num"": 43}, {""year"": 2016, ""num"": 26}, {""year"": 2015, ""num"": 41}]"
153,SE,official,"2-a. 프로그래밍언어 및 환경(코딩원리, 코딩오류, 코딩 스타일, uml과 코딩)",2. 구현 및 테스트,25,코딩 규칙 및 언어별 컴파일 메커니즘,MISRA-C 등 코딩 표준 규칙 위배 사례 및 디버깅 지침을 검증합니다.,구현 및 테스트,"48. 다음 중 소프트웨어 개발의 지속적 통합
(Continuous Integration)에 대한 설명으로 올바르지 
않은 것으로만 묶인 것은? 
가. 지속적 통합은 특정 기능의 개발이 완료되었을 
때 진행한다.
나. 지속적 통합은 개발자가 저장소에 코드를 커밋
할 때마다 진행된다.
다. Git이나 SVN과 같은 버전 관리 도구를 사용
한다.
라. 코드를 컴파일하고 통합하는 빌드 과정이 자
동화 된다.
마. 개발자는 코드 테스트를 완료한 후, 커밋을 
진행한다.
  ① 가, 나
② 가, 마
  ③ 나, 다, 라
④ 나, 다, 마",2026,48,,"[2015, 2016, 2017, 2019, 2021, 2022, 2024, 2025, 2026]","[{""year"": 2026, ""num"": 48}, {""year"": 2026, ""num"": 41}, {""year"": 2026, ""num"": 35}, {""year"": 2026, ""num"": 28}, {""year"": 2025, ""num"": 44}, {""year"": 2025, ""num"": 30}, {""year"": 2024, ""num"": 49}, {""year"": 2024, ""num"": 41}, {""year"": 2022, ""num"": 48}, {""year"": 2022, ""num"": 30}, {""year"": 2021, ""num"": 45}, {""year"": 2021, ""num"": 42}, {""year"": 2021, ""num"": 32}, {""year"": 2019, ""num"": 46}, {""year"": 2019, ""num"": 32}, {""year"": 2017, ""num"": 49}, {""year"": 2017, ""num"": 45}, {""year"": 2017, ""num"": 33}, {""year"": 2016, ""num"": 46}, {""year"": 2016, ""num"": 45}, {""year"": 2016, ""num"": 34}, {""year"": 2015, ""num"": 46}, {""year"": 2015, ""num"": 38}, {""year"": 2015, ""num"": 34}, {""year"": 2015, ""num"": 27}]"
154,SE,official,"2-b. 코드 자동생성, 로우코드/노코드",2. 구현 및 테스트,0,현대적 개발 패러다임 플랫폼,모델 기반 개발(MDD)의 코드 자동 생성 기법 및 로우코드 플랫폼의 아키텍처 특징을 질문합니다.,구현 및 테스트,,,,,[],[]
155,SE,official,"2-c. 웹접근성, 웹호환성 점검",2. 구현 및 테스트,5,국가 웹 접근성 표준 지침 준수,"대체 텍스트, 키보드 조작 보장 등 24대 웹 접근성 점검 기준을 중점 검증합니다.",구현 및 테스트,"35. 다음 중 SOLID 설계원칙에 대한 설명으로 가장 
거리가 먼 것은?
  ① SRP 원칙에 의하면 클래스는 단 하나의 변경 
이유만을 가져야 한다. 
  ② OCP 원칙을 잘 준수하는 경우 기존의 코드를 
변경하지 않으면서도 새로운 기능을 추가하기가 
용이하다. 
  ③ DIP 원칙에 의하면 의존 관계를 설정할 때 변화
하기 어렵거나 거의 변화하지 않을 대상에 대해 
의존관계를 가지는 것이 바람직하다. 
  ④ LSP 원칙을 통해 일반화 관계가 적절히 사용되
었는지 점검할 수 있으며, 이 원칙을 위반하면 
컴파일러가 자동적으로 에러를 발생시킨다.",2026,35,,"[2020, 2024, 2025, 2026]","[{""year"": 2026, ""num"": 35}, {""year"": 2025, ""num"": 45}, {""year"": 2025, ""num"": 43}, {""year"": 2024, ""num"": 38}, {""year"": 2020, ""num"": 26}]"
156,SE,official,"2-d. 단위, 모듈, 연계, 통합, 시스템, 인수 등",2. 구현 및 테스트,4,테스트 단계별 수행 범위,"하향식/상향식 통합 테스트(드라이버/스텁), 시스템 성능 테스트 및 알파/베타 인수 조건 분석이 출제됩니다.",구현 및 테스트,"26. 다음 설명에 가장 적절한 설계 원칙은?
단위 테스트를 수행할 때 테스트 대상 클래스를 변경
하지 않고도 대상 클래스의 환경을 테스트가 용이
하도록 통제 가능한 환경으로 변경할 수 있는 설계가 
되어야 한다.
  ① SRP(Single Responsibility Principle)
  ② OCP(Open Closed Principle)
  ③ DIP(Dependency Inversion Principle)
  ④ LSP(Liskov Substitution Principle)",2021,26,,"[2016, 2018, 2021]","[{""year"": 2021, ""num"": 26}, {""year"": 2018, ""num"": 32}, {""year"": 2016, ""num"": 50}, {""year"": 2016, ""num"": 36}]"
157,SE,official,2-e. 테스팅 방법 및 도구,2. 구현 및 테스트,36,동적/정적 테스트 설계 기법,"화이트박스(제어 흐름 커버리지, 순환 복잡도)와 블랙박스(경계값, 동등 분할)의 세부 연산을 질문합니다.",구현 및 테스트,"40. 다음 중 Test-Driven Development(TDD)의 개발 
절차로 가장 적합한 것은?
  ① 설계 – 코드 작성 – 테스트 수행
  ② 코드 작성 – 테스트 수행 - 리팩토링
  ③ 테스트 작성 – 리팩토링 – 코드 작성
  ④ 테스트 작성 – 코드 작성 - 리팩토링",2026,40,,"[2015, 2016, 2017, 2018, 2019, 2020, 2021, 2022, 2023, 2024, 2025, 2026]","[{""year"": 2026, ""num"": 40}, {""year"": 2026, ""num"": 39}, {""year"": 2025, ""num"": 46}, {""year"": 2025, ""num"": 42}, {""year"": 2025, ""num"": 39}, {""year"": 2025, ""num"": 33}, {""year"": 2025, ""num"": 28}, {""year"": 2024, ""num"": 37}, {""year"": 2024, ""num"": 36}, {""year"": 2023, ""num"": 45}, {""year"": 2023, ""num"": 29}, {""year"": 2023, ""num"": 27}, {""year"": 2022, ""num"": 33}, {""year"": 2022, ""num"": 29}, {""year"": 2021, ""num"": 44}, {""year"": 2021, ""num"": 29}, {""year"": 2020, ""num"": 47}, {""year"": 2020, ""num"": 33}, {""year"": 2020, ""num"": 29}, {""year"": 2019, ""num"": 50}, {""year"": 2019, ""num"": 31}, {""year"": 2019, ""num"": 27}, {""year"": 2018, ""num"": 47}, {""year"": 2018, ""num"": 37}, {""year"": 2018, ""num"": 36}, {""year"": 2018, ""num"": 32}, {""year"": 2018, ""num"": 30}, {""year"": 2018, ""num"": 28}, {""year"": 2017, ""num"": 44}, {""year"": 2017, ""num"": 38}, {""year"": 2017, ""num"": 31}, {""year"": 2017, ""num"": 28}, {""year"": 2016, ""num"": 39}, {""year"": 2016, ""num"": 38}, {""year"": 2016, ""num"": 35}, {""year"": 2015, ""num"": 28}]"
158,SE,official,"2-f. KS X ISO/IEC/IEEE 29119, KS X ISO/IEC 33063 SW테스트 관련 표준",2. 구현 및 테스트,6,국제 SW 테스팅 표준,29119 표준이 규정하는 테스트 프로세스 산출물과 테스트 계획 설계 표준을 검증합니다.,구현 및 테스트,"36. IEEE 29119에서는 combinatorial test design 방법
으로서 base choice 방법을 제시하고 있다. 다음
과 같이 4개의 글꼴 이름, 5개의 글꼴 크기, 3개
의 스타일에 대한 테스트를 base choice 방법을 
사용할 때 테스트케이스 수로서 가장 적절한 것
은?
·글꼴 이름: 궁서, 굴림, 바탕, 고딕
·글꼴 크기: 10, 12, 14, 16, 18
·스타일: 밑줄, 기울임, 보통
  ① 5개
② 10개
  ③ 20개
④ 60개",2024,36,,"[2018, 2019, 2021, 2023, 2024]","[{""year"": 2024, ""num"": 36}, {""year"": 2024, ""num"": 34}, {""year"": 2023, ""num"": 34}, {""year"": 2021, ""num"": 44}, {""year"": 2019, ""num"": 42}, {""year"": 2018, ""num"": 37}]"
159,SE,official,3-a. 유지관리 개념 및 방법,3. 유지관리 및 운영,15,유지보수 유형 분류 및 개선 방법,"수정, 예방, 적응, 완전 유지보수의 특징과 3R 진화 활동을 질문합니다.",유지관리 및 운영,"32. 시스템의 유지보수성과 확장성을 향상시키기 위해 
아래와 같은 방향으로 설계를 개선하려고 한다.
모듈 간 의존관계를 최소화하고 각 모듈이 하나의 
기능 중심으로 구성되도록 한다. 그리고 모듈 내부 
구현 정보는 외부에 노출하지 않도록 한다.
다음 중 위 설계 개선에 적용할 수 있는 소프트웨
어 설계 기법의 조합으로 가장 적합한 것은?
  ① 응집도 감소 – 결합도 증가 – 정보은닉 강화
  ② 응집도 증가 – 결합도 감소 – 정보은닉 강화
  ③ 결합도 증가 – 추상화 강화 – 모듈화 강화
  ④ 모듈화 강화 – 응집도 감소 – 추상화 강화",2026,32,,"[2015, 2016, 2017, 2019, 2020, 2021, 2022, 2023, 2024, 2025, 2026]","[{""year"": 2026, ""num"": 32}, {""year"": 2025, ""num"": 27}, {""year"": 2024, ""num"": 38}, {""year"": 2023, ""num"": 48}, {""year"": 2022, ""num"": 37}, {""year"": 2021, ""num"": 38}, {""year"": 2020, ""num"": 49}, {""year"": 2020, ""num"": 44}, {""year"": 2020, ""num"": 34}, {""year"": 2019, ""num"": 39}, {""year"": 2017, ""num"": 48}, {""year"": 2016, ""num"": 43}, {""year"": 2016, ""num"": 42}, {""year"": 2015, ""num"": 49}, {""year"": 2015, ""num"": 35}]"
160,SE,official,3-b. 형상관리,3. 유지관리 및 운영,16,"형상 식별, 통제, 감사 및 버전 관리","베이스라인 설정 요건, CCB 변경 제어 위원회의 변경 통제 절차 및 Git 명령어 분석이 출제됩니다.",유지관리 및 운영,"48. 다음 중 소프트웨어 개발의 지속적 통합
(Continuous Integration)에 대한 설명으로 올바르지 
않은 것으로만 묶인 것은? 
가. 지속적 통합은 특정 기능의 개발이 완료되었을 
때 진행한다.
나. 지속적 통합은 개발자가 저장소에 코드를 커밋
할 때마다 진행된다.
다. Git이나 SVN과 같은 버전 관리 도구를 사용
한다.
라. 코드를 컴파일하고 통합하는 빌드 과정이 자
동화 된다.
마. 개발자는 코드 테스트를 완료한 후, 커밋을 
진행한다.
  ① 가, 나
② 가, 마
  ③ 나, 다, 라
④ 나, 다, 마",2026,48,,"[2015, 2017, 2018, 2019, 2020, 2021, 2022, 2023, 2024, 2026]","[{""year"": 2026, ""num"": 48}, {""year"": 2026, ""num"": 37}, {""year"": 2026, ""num"": 36}, {""year"": 2024, ""num"": 29}, {""year"": 2023, ""num"": 49}, {""year"": 2023, ""num"": 43}, {""year"": 2023, ""num"": 42}, {""year"": 2022, ""num"": 35}, {""year"": 2021, ""num"": 40}, {""year"": 2020, ""num"": 50}, {""year"": 2020, ""num"": 40}, {""year"": 2019, ""num"": 49}, {""year"": 2018, ""num"": 43}, {""year"": 2017, ""num"": 39}, {""year"": 2017, ""num"": 27}, {""year"": 2015, ""num"": 33}]"
161,SE,official,"3-c. ITSM, ITIL(SLA, SLM 등)",3. 유지관리 및 운영,3,IT 서비스 수준 및 프로세스 관리,ITIL v4 서비스 생명주기 관리 프로세스 및 SLA 정량 평가 메트릭 설정을 평가합니다.,유지관리 및 운영,"40. ITIL 4는IT 서비스관리의프레임워크이다. ITIL
Service Value System(SVS)에서는14개의General
Management Practices, 17개의Service Management
Practices,
그리고
3개의
Technical
Management
Practices를포함한다. 다음중Service Management
Practices로가장적절하지않은것은?
①Business Analysis
②Change Control
③IT Asset Management
④Software Deployment and Management",2025,40,,"[2019, 2020, 2025]","[{""year"": 2025, ""num"": 40}, {""year"": 2020, ""num"": 38}, {""year"": 2019, ""num"": 43}]"
162,SE,official,"3-d. 재사용, 재공학, 역공학, Refactoring",3. 유지관리 및 운영,28,코드 현대화 및 소스코드 품질 개선,코드 스멜 유형 식별 및 메서드 추출 등 안전한 리팩토링 실천 전략을 중점적으로 묻습니다.,유지관리 및 운영,"40. 다음 중 Test-Driven Development(TDD)의 개발 
절차로 가장 적합한 것은?
  ① 설계 – 코드 작성 – 테스트 수행
  ② 코드 작성 – 테스트 수행 - 리팩토링
  ③ 테스트 작성 – 리팩토링 – 코드 작성
  ④ 테스트 작성 – 코드 작성 - 리팩토링",2026,40,,"[2015, 2016, 2017, 2018, 2019, 2020, 2021, 2022, 2023, 2024, 2025, 2026]","[{""year"": 2026, ""num"": 40}, {""year"": 2026, ""num"": 38}, {""year"": 2025, ""num"": 49}, {""year"": 2024, ""num"": 41}, {""year"": 2024, ""num"": 40}, {""year"": 2024, ""num"": 35}, {""year"": 2024, ""num"": 32}, {""year"": 2024, ""num"": 27}, {""year"": 2023, ""num"": 30}, {""year"": 2023, ""num"": 28}, {""year"": 2022, ""num"": 37}, {""year"": 2022, ""num"": 34}, {""year"": 2022, ""num"": 31}, {""year"": 2022, ""num"": 28}, {""year"": 2021, ""num"": 50}, {""year"": 2021, ""num"": 41}, {""year"": 2021, ""num"": 38}, {""year"": 2021, ""num"": 35}, {""year"": 2020, ""num"": 42}, {""year"": 2019, ""num"": 47}, {""year"": 2019, ""num"": 28}, {""year"": 2018, ""num"": 38}, {""year"": 2018, ""num"": 27}, {""year"": 2017, ""num"": 40}, {""year"": 2016, ""num"": 44}, {""year"": 2016, ""num"": 40}, {""year"": 2016, ""num"": 37}, {""year"": 2015, ""num"": 40}]"
163,SE,official,3-e. 아웃소싱,3. 유지관리 및 운영,0,IT 서비스 위탁 관리 모델,SLA 기반의 아웃소싱 관리 절차와 위탁 리스크 식별 기준을 평가합니다.,유지관리 및 운영,,,,,[],[]
164,SE,official,"4-a. 구조적, 정보공학, 객체지향","4. 개발방법론, sw 구조 및 공개sw",0,정통적 소프트웨어 방법론 특징,"각 방법론의 분석 대상(프로세스, 데이터, 객체)과 고유 산출물 특징을 비교 질문합니다.",개발방법론 및 플랫폼,,,,,[],[]
165,SE,official,"4-b. CBD, Agile, 데브 옵스, aop 등","4. 개발방법론, sw 구조 및 공개sw",21,현대적 기민한 개발 아키텍처,"스크럼 프레임워크 5대 회의와 산출물, AOP의 횡단 관심사 삽입 기법(Joinpoint/Advice)을 질문합니다.",개발방법론 및 플랫폼,"46. 다음은 게임 소프트웨어의 출시 가능한 버전을 스
크럼 방식으로 만드는 과정이다. (가)~(라)에 해당
하는 가장 적절한 것은?
  ① (가) 제품 백로그 
(나) 스프린트 백로그 
(다) 일일 스크럼 
(라) 스프린트
  ② (가) 제품 백로그 
(나) 스프린트 백로그 
(다) 일일 스프린트 
(라) 스크럼
  ③ (가) 스프린트 백로그 (나) 제품 백로그 
(다) 일일 스크럼  
(라) 스프린트
  ④ (가) 제품 백로그 
(나) 스프린트 백로그 
(다) 일일 스프린트 
(라) 스크럼",2026,46,,"[2017, 2018, 2019, 2020, 2021, 2022, 2023, 2024, 2026]","[{""year"": 2026, ""num"": 46}, {""year"": 2026, ""num"": 45}, {""year"": 2026, ""num"": 43}, {""year"": 2024, ""num"": 50}, {""year"": 2024, ""num"": 26}, {""year"": 2023, ""num"": 37}, {""year"": 2022, ""num"": 39}, {""year"": 2022, ""num"": 38}, {""year"": 2022, ""num"": 31}, {""year"": 2021, ""num"": 37}, {""year"": 2021, ""num"": 28}, {""year"": 2020, ""num"": 43}, {""year"": 2020, ""num"": 40}, {""year"": 2020, ""num"": 36}, {""year"": 2020, ""num"": 34}, {""year"": 2020, ""num"": 31}, {""year"": 2020, ""num"": 30}, {""year"": 2019, ""num"": 45}, {""year"": 2019, ""num"": 37}, {""year"": 2018, ""num"": 33}, {""year"": 2017, ""num"": 32}]"
166,SE,official,"4-c. 프로세스 모델 : 폭포수, 프로타이핑, 점진적, 진화적, 나선형, v 모델, 스크럼 등","4. 개발방법론, sw 구조 및 공개sw",5,SDLC 생명주기 생태계 프로세스,"폭포수, V-모델, 나선형(위험 분석), 점진적 모델의 생명주기 통제 절차를 검증합니다.",개발방법론 및 플랫폼,"44. 다음의 상황에서 사용할 수 있는 요구사항 추출 
방법으로 가장 적절한 것은?
가. 고객이 자신의 요구사항에 대하여 구체적으로 
파악하고 있지 못한 상태임
나. 최종 시스템의 예상 기능 중 일부를 빠르게 구
현하여 고객의 피드백을 조기에 받고자함
다. 발굴된 아이디어를 시험하고 검증하여 새로운 
아이디어를 얻고자함
  ① 관찰(Observation)
  ② 인터뷰(Interview)
  ③ 브레인스토밍(Brainstorming)
  ④ 프로토타이핑(Prototyping)",2024,44,,"[2015, 2018, 2020, 2024]","[{""year"": 2024, ""num"": 44}, {""year"": 2020, ""num"": 34}, {""year"": 2018, ""num"": 47}, {""year"": 2018, ""num"": 33}, {""year"": 2015, ""num"": 26}]"
167,SE,official,4-d. 클린 아키텍처,"4. 개발방법론, sw 구조 및 공개sw",5,관심사 분리 및 비즈니스 룰 보호,고수준 도메인 룰(엔티티/유스케이스) 중심의 내부 의존성 통제 규칙을 묻습니다.,개발방법론 및 플랫폼,"26. Clean Architecture에서는패키지의Instability를
측정하기위한메트릭을정의하고있다. 다음다이어
그램에서P3 패키지의Instability 값으로가장적절한
것은?
     
①0.3
②0.4
③0.5
④0.6",2025,26,,"[2019, 2020, 2022, 2023, 2025]","[{""year"": 2025, ""num"": 26}, {""year"": 2023, ""num"": 28}, {""year"": 2022, ""num"": 41}, {""year"": 2020, ""num"": 35}, {""year"": 2019, ""num"": 33}]"
168,SE,official,"4-e. 웹기반 기술주고, j2ee, 닷넷, 컨테이너 등 개발 플랫폼","4. 개발방법론, sw 구조 및 공개sw",2,웹 개발 기술 플랫폼 인프라,Docker 컨테이너 가상화 기술의 경량성 아키텍처 장점 및 Kubernetes 관리 기법을 평가합니다.,개발방법론 및 플랫폼,"36. 다음클라우드컨테이너에대한설명중적절하지
않은것을모두묶은것은?
가. 독립된환경에서동작하는가상화의일종이다.
나. 컨테이너간의운영체제를공유한다.
다. 쿠버네티스는컨테이너화된워크로드와서비스를
관리하는오케스트레이션도구이다.
라. 컨테이너는서로다른운영체제를사용할수있다.
마. 컨테이너에서는애플리케이션을제어하는하이퍼
바이저가필요하다.
바. 애플리케이션이모놀리식아키텍처인경우컨테이너
기반개발이유리하다.
①가, 다, 마
②가, 라, 마
③가, 나, 마, 바
④가, 라, 마, 바",2025,36,,"[2022, 2025]","[{""year"": 2025, ""num"": 36}, {""year"": 2022, ""num"": 39}]"
169,SE,official,"4-f. 분산커포넌트 기술, xml 등","4. 개발방법론, sw 구조 및 공개sw",4,분산 환경 메시지 통신 표준,XML/JSON 구조적 메시지 파싱 및 분산 컴포넌트 간 트랜잭션 보장 방안을 검증합니다.,개발방법론 및 플랫폼,"33. SOAP 기반 웹 서비스와 RESTful 웹 서비스를 
비교한 설명으로 가장 적절한 것은?
  ① SOAP 기반 웹 서비스는 RESTful 웹 서비스에 비해 
구현하기 쉽고 확장성이 우수하다.
  ② SOAP 기반 웹 서비스에서 요청 및 응답은 모두 
XML 형식으로 수행하는 반면, RESTful 웹 
서비스에서는 JSON, XML, 일반 텍스트 등을 
사용한다.
  ③ SOAP 기반 웹 서비스는 서비스 품질이나 신뢰성 
관리를 위해 자신의 기반구조를 구현해야 하지만, 
RESTful 
웹 
서비스는 
WS-Reliability나 
WS-Transaction과 같은 기반구조의 지원 표준이 
있다. 
  ④ SOAP 기반 웹 서비스는 리소스 지향적인데 반해, 
RESTful 웹 서비스는 RPC 메커니즘의 서비스 
지향적이다.",2021,33,,"[2015, 2016, 2019, 2021]","[{""year"": 2021, ""num"": 33}, {""year"": 2019, ""num"": 48}, {""year"": 2016, ""num"": 48}, {""year"": 2015, ""num"": 29}]"
170,SE,official,"4-g. 전자정부표준프레임워크, 스프링 프레임워크","4. 개발방법론, sw 구조 및 공개sw",2,국내 공공 프레임워크 표준 기술,Spring Framework의 IoC(제어역전)와 DI(의존성 주입) 원리 및 eGovFrame 구성 요소를 검증합니다.,개발방법론 및 플랫폼,"34. 다음은 스프링 프레임워크가 제공하는 어드바이스의 
유형을 그림으로 나타내고 있다. (가) ~ (다)에 
가장 적절한 어드바이스는?
  ① (가) AfterReturning 어드바이스
(나) Around 어드바이스
(다) AfterThrowing 어드바이스
  ② (가) AfterReturning 어드바이스
(나) After Throwing 어드바이스 
(다) Around 어드바이스
  ③ (가) AfterThrowing 어드바이스 
(나) Around 어드바이스 
(다) AfterReturning 어드바이스
  ④ (가) Around 어드바이스 
(나) AfterReturning 어드바이스 
(다) AfterThrowing 어드바이스",2021,34,,"[2017, 2021]","[{""year"": 2021, ""num"": 34}, {""year"": 2017, ""num"": 37}]"
171,SE,official,"4-h. SOA, MSA","4. 개발방법론, sw 구조 및 공개sw",10,마이크로서비스 아키텍처 설계 패턴,"Saga 패턴의 트랜잭션 관리, API Gateway, Circuit Breaker의 가용성 제어 전략을 질문합니다.",개발방법론 및 플랫폼,"49. 마이크로서비스 설계를 위한 다음 그림의 특정 패
턴을 적용하기 위한 Best Practice로 가장 적절한 
것은?
  ① 데이터베이스는 비즈니스 규칙이 아닌 데이터를 
저장하기 위한 용도로만 사용되어야 한다. 
  ② 데이터를 읽고, 쓰는 책임을 분리하는 CQRS 
코딩 패턴을 적용해야 한다. 
  ③ 서비스간 통신오류 방지를 위해 연관 ID를 정의
하여 사용해야 한다. 
  ④ 비동기 메시지의 구조를 잘 이해하고 정의해야 
한다.",2026,49,,"[2016, 2018, 2019, 2022, 2023, 2025, 2026]","[{""year"": 2026, ""num"": 49}, {""year"": 2025, ""num"": 37}, {""year"": 2023, ""num"": 39}, {""year"": 2023, ""num"": 36}, {""year"": 2022, ""num"": 49}, {""year"": 2019, ""num"": 48}, {""year"": 2018, ""num"": 31}, {""year"": 2018, ""num"": 27}, {""year"": 2016, ""num"": 49}, {""year"": 2016, ""num"": 47}]"
172,SE,official,"4-i. 웹서비스(SOAP, REST)","4. 개발방법론, sw 구조 및 공개sw",5,웹 서비스 연동 인터페이스 규격,SOAP(WSDL/XML 기반)과 REST(Stateless/HTTP Resource 기반)의 장단점 대조가 출제됩니다.,개발방법론 및 플랫폼,"48. 다음과같이금고경비시스템을구현하는의사코드
(가)를의사코드(나)로변경하는데적용된설계패턴
으로가장적절한것은?
①State Patterm
②Adapter Patterm
③Builder Patterm
④Template Method Patterm
(가)
class 경비시스템{
금고사용시호출되는메소드(){
if(주간) {
경비센터에사용기록
} else if (야간) {
경비센터에비상상황통보
}
}
비상벨사용시호출되는메소드(){
경비센터에비상벨통보
}
일반통화시호출되는메소드(){
if(주간) {
경비센터호출
} else if (야간) {
경비센터자동응답기호출
}
}
}
(나)
주간을표현한클래스{
금고사용시호출되는메소드(){
경비센터에사용기록
}
비상벨사용시호출되는메소드(){
경비센터에비상벨통보
}
일반통화시호출되는메소드(){
경비센터호출
}
}
야간을표현한클래스{
금고사용시호출되는메소드(){
경비센터에비상상황통보
}
비상벨사용시호출되는메소드(){
경비센터에비상벨통보
}
일반통화시호출되는메소드(){
경비센터자동응답기호출
}
}
가. 회원정보를알고싶은경우,
READ http://localhost:8080/rest/api/v1/user/1
나. 회원가입을하는경우,
POST http://localhost:8080/rest/api/v1/user
{
""username"": ""박혜자"",
""password"": ""5798"",
""email"": ""hyeja@google.com"",
...
}
다. 회원정보를수정하고싶은경우,
UPDATE http://localhost:8080/rest/api/v1/user/1
{
""""password"": ""9057""
}
라. 회원을탈퇴처리하고싶은경우,
DELETE http://localhost:8080/rest/api/v1/user/1",2025,48,,"[2015, 2019, 2021, 2023, 2025]","[{""year"": 2025, ""num"": 48}, {""year"": 2023, ""num"": 36}, {""year"": 2021, ""num"": 33}, {""year"": 2019, ""num"": 48}, {""year"": 2015, ""num"": 29}]"
173,SE,official,4-j. 오픈소스 개념 및 활용방법,"4. 개발방법론, sw 구조 및 공개sw",2,공개 소프트웨어 라이선스 의무사항,"GPL, LGPL, Apache, BSD, MIT 라이선스의 저작권 고지 및 소스코드 공개 의무 수준을 비교 검증합니다.",개발방법론 및 플랫폼,"35. 다음의무사항을가지는오픈소스라이선스로가장
적절한것은?
가. 각복제본에적절한저작권안내와보증책임이
없음을명시할것
나. 본라이선스를언급하는안내사항과보증책임
관련고지사항을원본그대로유지할것
다. 소프트웨어를양도받는모든이들에게소프트
웨어와함께라이선스사본을제공할것
라. 라이브러리형태로의수정을허용하며, 만약수
정한경우수정사실과날짜를파일에명기할것
마. 원본저작물및파생저작물에대한소스코드를
제공하거나
요청
시
제공하겠다는
약정서를
제공할것
바. 응용프로그램을배포할경우, 본라이브러리를
사용하고있다는사실을명시할것
사. 사용자가라이브러리를수정해도응용프로그램을
사용할수있도록허용할것
①MPL(Mozilla Public License)
②GPL(General Public License)
③LGPL(Lesser General Public License)
④BSD(Berkeley Software Distribution)",2025,35,,"[2020, 2025]","[{""year"": 2025, ""num"": 35}, {""year"": 2020, ""num"": 37}]"
174,SE,official,5-a. SW Product 품질,5. SW 품질 및 비용산정,26,제품 품질 평가 모델,ISO/IEC 25010 제품 품질 8대 특성과 시나리오 기반 품질속성 측정 방안을 중점 질문합니다.,SW 품질 및 비용산정,"32. 시스템의 유지보수성과 확장성을 향상시키기 위해 
아래와 같은 방향으로 설계를 개선하려고 한다.
모듈 간 의존관계를 최소화하고 각 모듈이 하나의 
기능 중심으로 구성되도록 한다. 그리고 모듈 내부 
구현 정보는 외부에 노출하지 않도록 한다.
다음 중 위 설계 개선에 적용할 수 있는 소프트웨
어 설계 기법의 조합으로 가장 적합한 것은?
  ① 응집도 감소 – 결합도 증가 – 정보은닉 강화
  ② 응집도 증가 – 결합도 감소 – 정보은닉 강화
  ③ 결합도 증가 – 추상화 강화 – 모듈화 강화
  ④ 모듈화 강화 – 응집도 감소 – 추상화 강화",2026,32,,"[2015, 2016, 2017, 2018, 2019, 2020, 2021, 2022, 2025, 2026]","[{""year"": 2026, ""num"": 32}, {""year"": 2025, ""num"": 41}, {""year"": 2025, ""num"": 37}, {""year"": 2025, ""num"": 31}, {""year"": 2025, ""num"": 27}, {""year"": 2022, ""num"": 48}, {""year"": 2022, ""num"": 47}, {""year"": 2022, ""num"": 46}, {""year"": 2022, ""num"": 42}, {""year"": 2022, ""num"": 26}, {""year"": 2021, ""num"": 47}, {""year"": 2021, ""num"": 33}, {""year"": 2021, ""num"": 30}, {""year"": 2020, ""num"": 44}, {""year"": 2020, ""num"": 34}, {""year"": 2019, ""num"": 39}, {""year"": 2019, ""num"": 26}, {""year"": 2018, ""num"": 40}, {""year"": 2018, ""num"": 35}, {""year"": 2018, ""num"": 29}, {""year"": 2017, ""num"": 48}, {""year"": 2017, ""num"": 31}, {""year"": 2016, ""num"": 43}, {""year"": 2016, ""num"": 42}, {""year"": 2016, ""num"": 32}, {""year"": 2015, ""num"": 31}]"
175,SE,official,"5-b. SW Process 품질(CMMi, SPICE, SP인증 등)",5. SW 품질 및 비용산정,10,프로세스 역량 및 성숙도 평가 모델,CMMI 5단계 성숙도 핵심 프로세스 영역(PA)과 SP인증 등급별 판정 기준을 비교 평가합니다.,SW 품질 및 비용산정,"29. 다음 중 CMMI 성숙도 수준(Level) 4의 특징을 가장 
잘 설명한 것은?
  ① 프로세스 성능을 정량적으로 측정하고 통계적 
기법을 통해 관리한다.
  ② 프로젝트 관리가 기본적으로 수행된다.
  ③ 조직의 프로세스가 정의되고 표준화된다.
  ④ 지속적인 프로세스 혁신을 통해 조직 성능을 
최적화한다.",2026,29,,"[2015, 2017, 2018, 2019, 2023, 2024, 2026]","[{""year"": 2026, ""num"": 29}, {""year"": 2024, ""num"": 47}, {""year"": 2024, ""num"": 43}, {""year"": 2023, ""num"": 50}, {""year"": 2023, ""num"": 38}, {""year"": 2023, ""num"": 32}, {""year"": 2019, ""num"": 34}, {""year"": 2018, ""num"": 34}, {""year"": 2017, ""num"": 27}, {""year"": 2015, ""num"": 42}]"
176,SE,official,"5-c. ISO/IEC 12207, ISO/IEC 25000, ISO/IEC 5055 등 SW품질 관련 표준",5. SW 품질 및 비용산정,1,소프트웨어 국제 품질 표준,12207의 3가지 생명주기 프로세스(기본/지원/조직) 구조 및 품질 제약 조건 표준을 질문합니다.,SW 품질 및 비용산정,"39. ISO/IEC 5055에서는 품질 특성을 평가하기 위한 
소스코드의 weakness를 제시하고 있다. 다음 중
에서 ISO/IEC 5055에서 제시하고 있는 품질 특성
으로 가장 적절하지 않은 것은?
  ① Maintainability
② Security
  ③ Reliability
④ Usability",2024,39,,[2024],"[{""year"": 2024, ""num"": 39}]"
177,SE,official,5-d. 품질보증,5. SW 품질 및 비용산정,1,품질 보증 및 관리 활동,"품질 보증 계획 수립, QA 조직의 감사 및 품질 지표 설정을 검증합니다.",SW 품질 및 비용산정,"27. CMM(Capability Maturity Model)은 소프트웨어
프로세스 성숙도를 높이기 위하여 필요한 작업
들에 대한 단계적 모델을 제시하고 있다. 다음에
제시한 주요 프로세스 영역들이 처음으로 포함
되는 단계로 가장 적절한 것은?
- 소프트웨어 프로젝트 계획
- 소프트웨어 프로젝트 추적 및 감독
- 소프트웨어 하청 관리
- 소프트웨어 품질 보증
- 소프트웨어 형상 관리
- 요구 관리
① 최적단계(Optimizing) ② 관리단계(Managed)
③ 정의단계(Defined)    ④ 반복단계(Repeatable)
- 6 -",2017,27,,[2017],"[{""year"": 2017, ""num"": 27}]"
178,SE,official,5-e. 기능점수산정,5. SW 품질 및 비용산정,8,기능 점수 표준 산정,내부논리파일(ILF) 및 외부인터페이스파일(EIF) 가중치와 간이법/상세법 산정 방식을 검증합니다.,SW 품질 및 비용산정,"26. 공공기관 A에서 민원관리 정보시스템을 새로 개
발하면서 기능점수(function point) 분석을 수행하고 
있다. 시스템 분석 과정에서 아래와 같은 요구
사항들이 파악되었다. 아래 민원관리 시스템 
기능점수의 Internal Logical File(ILF)과 External 
Interface File(EIF)의 개수로 가장 적합한 것은?
- 민원관리 시스템에서는 민원 신청 정보를 
저장하고 민원 처리 상태를 갱신하며 필요시 
기존 민원 정보를 수정할 수 있다.
- 민원 처리 과정에서 기존 인사시스템에 저장된 
직원 정보와 기존 회계시스템의 예산 데이터를 
조회하여 활용한다.
  ① ILF 1개, EIF 1개
  ② ILF 1개, EIF 2개
  ③ ILF 1개, EIF 3개
  ④ ILF 2개, EIF 1개",2026,26,,"[2015, 2016, 2018, 2020, 2024, 2026]","[{""year"": 2026, ""num"": 26}, {""year"": 2024, ""num"": 48}, {""year"": 2024, ""num"": 27}, {""year"": 2020, ""num"": 48}, {""year"": 2018, ""num"": 26}, {""year"": 2016, ""num"": 46}, {""year"": 2016, ""num"": 45}, {""year"": 2015, ""num"": 34}]"
179,SE,official,5-f. 비용산정 모델,5. SW 품질 및 비용산정,4,소프트웨어 비용 예측 기법,COCOMO 및 Putnam 비용 산정 모델의 특성과 수학적 연산을 질문합니다.,SW 품질 및 비용산정,"27. 다음 중 소프트웨어 비용산정 모델인 COCOMO II
에 대한 설명으로 가장 적절하지 않은 것은?
  ① COCOMO II 2000 계수조정모델에서 소프트웨어 
개발에 소요되는 노력의 양은 소프트웨어 규모
에 대해 규모의 경제(Scale of Economy) 효과를 
가지지 못한다. 
  ② 외부입력(EI)의 복잡도 가중치와 외부질의(EQ)의 
복잡도 가중치는 같다.
  ③ 재사용 모델에서 변경률(AAF)의 산정시 코드 변
경률(CM)에 대한 가중치가 설계 변경률(DM)에 
대한 가중치와 재사용 소프트웨어에 대한 통합
노력률(IM)에 대한 가중치 보다 높다. 
  ④ 재사용 모델에서 설계 변경률(DM) 또는 코드 변
경률(CM)이 0이면, 소프트웨어에 대한 이해도
(SU)는 0이 된다.",2024,27,,"[2015, 2016, 2024]","[{""year"": 2024, ""num"": 27}, {""year"": 2016, ""num"": 46}, {""year"": 2016, ""num"": 44}, {""year"": 2015, ""num"": 46}]"
180,SE,official,[기타],기타,34,기출문제 중 가이드라인 세부 중단원에 포함되지 않는 복합/기타 문항들입니다.,기타 분류 문제를 검토하여 변형 기출을 대비하세요.,기타 영역,"50. 다음 표는 어떤 프로젝트를 수행하는데 필요한 
작업, 작업 수행기간, 작업들 간의 종속 관계를 
나타낸 것이다. 프로젝트 전체 일정이 지연되지 
않고 원래 일정대로 종료되어야 한다면 T6 작업
의 허용 가능한 최대 지연 시간(Slack Time)은?
  ① 8일
② 11일
  ③ 13일
④ 15일
작업
작업 수행 기간(일)
종속 관계
T1
4
-
T2
7
T1
T3
9
T1
T4
6
T2
T5
11
T2, T3
T6
8
T3
T7
10
T4, T5
T8
6
T6, T7",2026,50,,"[2015, 2016, 2017, 2018, 2019, 2020, 2021, 2022, 2023, 2024, 2025, 2026]","[{""year"": 2026, ""num"": 50}, {""year"": 2026, ""num"": 47}, {""year"": 2026, ""num"": 42}, {""year"": 2026, ""num"": 30}, {""year"": 2025, ""num"": 50}, {""year"": 2025, ""num"": 47}, {""year"": 2025, ""num"": 34}, {""year"": 2024, ""num"": 42}, {""year"": 2024, ""num"": 33}, {""year"": 2023, ""num"": 46}, {""year"": 2023, ""num"": 44}, {""year"": 2023, ""num"": 41}, {""year"": 2022, ""num"": 44}, {""year"": 2022, ""num"": 36}, {""year"": 2021, ""num"": 46}, {""year"": 2020, ""num"": 46}, {""year"": 2020, ""num"": 45}, {""year"": 2020, ""num"": 39}, {""year"": 2020, ""num"": 32}, {""year"": 2019, ""num"": 40}, {""year"": 2019, ""num"": 36}, {""year"": 2018, ""num"": 49}, {""year"": 2018, ""num"": 44}, {""year"": 2017, ""num"": 43}, {""year"": 2017, ""num"": 42}, {""year"": 2017, ""num"": 36}, {""year"": 2017, ""num"": 35}, {""year"": 2017, ""num"": 34}, {""year"": 2016, ""num"": 41}, {""year"": 2016, ""num"": 33}, {""year"": 2016, ""num"": 31}, {""year"": 2016, ""num"": 29}, {""year"": 2015, ""num"": 37}, {""year"": 2015, ""num"": 36}]"